url_kabko,total_hotels,url,subkabko,subkabko_id
https://www.agoda.com/api/cronos/geo/NeighborHoods?pageTypeId=5&objectId=17193,5655,/seminyak/maps/bali-id.html,Seminyak,27988
https://www.agoda.com/api/cronos/geo/NeighborHoods?pageTypeId=5&objectId=17193,5369,/ubud/maps/bali-id.html,Ubud,26638
https://www.agoda.com/api/cronos/geo/NeighborHoods?pageTypeId=5&objectId=17193,2666,/canggu/maps/bali-id.html,Canggu,57750
https://www.agoda.com/api/cronos/geo/NeighborHoods?pageTypeId=5&objectId=17193,1597,/uluwatu/maps/bali-id.html,Uluwatu,31977
https://www.agoda.com/api/cronos/geo/NeighborHoods?pageTypeId=5&objectId=17193,970,/jimbaran/maps/bali-id.html,Jimbaran,34110
https://www.agoda.com/api/cronos/geo/NeighborHoods?pageTypeId=5&objectId=17193,970,/sanur/maps/bali-id.html,Sanur,26634
https://www.agoda.com/api/cronos/geo/NeighborHoods?pageTypeId=5&objectId=17193,921,/kuta/maps/bali-id.html,Kuta,34423
https://www.agoda.com/api/cronos/geo/NeighborHoods?pageTypeId=5&objectId=17193,750,/legian/maps/bali-id.html,Legian,26631
https://www.agoda.com/api/cronos/geo/NeighborHoods?pageTypeId=5&objectId=17193,707,/denpasar/maps/bali-id.html,Denpasar,31530
https://www.agoda.com/api/cronos/geo/NeighborHoods?pageTypeId=5&objectId=17193,656,/nusa-dua/maps/bali-id.html,Nusa Dua,26633
https://www.agoda.com/api/cronos/geo/NeighborHoods?pageTypeId=5&objectId=17193,556,/nusa-penida/maps/bali-id.html,Nusa Penida,493873
https://www.agoda.com/api/cronos/geo/NeighborHoods?pageTypeId=5&objectId=17193,501,/nusa-lembongan/maps/bali-id.html,Nusa Lembongan,31063
https://www.agoda.com/api/cronos/geo/NeighborHoods?pageTypeId=5&objectId=17193,374,/lovina-beach/maps/bali-id.html,Lovina Beach,31064
https://www.agoda.com/api/cronos/geo/NeighborHoods?pageTypeId=5&objectId=17193,323,/amed/maps/bali-id.html,Amed,31483
https://www.agoda.com/api/cronos/geo/NeighborHoods?pageTypeId=5&objectId=17193,317,/tabanan/maps/bali-id.html,Tabanan,26636
https://www.agoda.com/api/cronos/geo/NeighborHoods?pageTypeId=5&objectId=17193,284,/keramas/maps/bali-id.html,Keramas,494181
https://www.agoda.com/api/cronos/geo/NeighborHoods?pageTypeId=5&objectId=17193,254,/candidasa/maps/bali-id.html,Candidasa,26629
https://www.agoda.com/api/cronos/geo/NeighborHoods?pageTypeId=5&objectId=17193,209,/tanah-lot/maps/bali-id.html,Tanah Lot,93996
https://www.agoda.com/api/cronos/geo/NeighborHoods?pageTypeId=5&objectId=17193,195,/singaraja/maps/bali-id.html,Singaraja,69962
https://www.agoda.com/api/cronos/geo/NeighborHoods?pageTypeId=5&objectId=17193,162,/pemuteran/maps/bali-id.html,Pemuteran,34411
https://www.agoda.com/api/cronos/geo/NeighborHoods?pageTypeId=5&objectId=17193,156,/kintamani/maps/bali-id.html,Kintamani,34412
https://www.agoda.com/api/cronos/geo/NeighborHoods?pageTypeId=5&objectId=17193,121,/seririt/maps/bali-id.html,Seririt,34414
https://www.agoda.com/api/cronos/geo/NeighborHoods?pageTypeId=5&objectId=17193,97,/negara/maps/bali-id.html,Negara,34410
https://www.agoda.com/api/cronos/geo/NeighborHoods?pageTypeId=5&objectId=17193,83,/munduk/maps/bali-id.html,Munduk,483006
https://www.agoda.com/api/cronos/geo/NeighborHoods?pageTypeId=5&objectId=17193,82,/sidemen/maps/bali-id.html,Sidemen,495892
https://www.agoda.com/api/cronos/geo/NeighborHoods?pageTypeId=5&objectId=17193,79,/bedugul/maps/bali-id.html,Bedugul,94662
https://www.agoda.com/api/cronos/geo/NeighborHoods?pageTypeId=5&objectId=17193,64,/tulamben/maps/bali-id.html,Tulamben,34413
https://www.agoda.com/api/cronos/geo/NeighborHoods?pageTypeId=5&objectId=17193,58,/nusa-ceningan/maps/bali-id.html,Nusa Ceningan,514895
https://www.agoda.com/api/cronos/geo/NeighborHoods?pageTypeId=5&objectId=17193,50,/menjangan/maps/bali-id.html,Menjangan,597462
https://www.agoda.com/api/cronos/geo/NeighborHoods?pageTypeId=5&objectId=17193,38,/padang-bai/maps/bali-id.html,Padang Bai,34419
https://www.agoda.com/api/cronos/geo/NeighborHoods?pageTypeId=5&objectId=17193,33,/gianyar/maps/bali-id.html,Gianyar,31398
https://www.agoda.com/api/cronos/geo/NeighborHoods?pageTypeId=5&objectId=17193,22,/klungkung/maps/bali-id.html,Klungkung,62263
https://www.agoda.com/api/cronos/geo/NeighborHoods?pageTypeId=5&objectId=17193,20,/gilimanuk/maps/bali-id.html,Gilimanuk,597461
https://www.agoda.com/api/cronos/geo/NeighborHoods?pageTypeId=5&objectId=17193,12,/bangli/maps/bali-id.html,Bangli,493744
https://www.agoda.com/api/cronos/geo/NeighborHoods?pageTypeId=5&objectId=17193,4,/besakih/maps/bali-id.html,Besakih,514815
https://www.agoda.com/api/cronos/geo/NeighborHoods?pageTypeId=5&objectId=17193,2,/tuban/maps/bali-id.html,Tuban,26637
https://www.agoda.com/api/cronos/geo/NeighborHoods?pageTypeId=5&objectId=17193,1,/pekutatan/maps/bali-id.html,Pekutatan,94044
https://www.agoda.com/api/cronos/geo/NeighborHoods?pageTypeId=5&objectId=719285,15,/tanjung-morawa/maps/tanjung-morawa-id.html,Tanjung Morawa,567612
https://www.agoda.com/api/cronos/geo/NeighborHoods?pageTypeId=5&objectId=734927,19,/sampe-raya/maps/sampe-raya-id.html,Sampe Raya,590424
https://www.agoda.com/api/cronos/geo/NeighborHoods?pageTypeId=5&objectId=512968,60,/samosir-west/maps/samosir-id.html,Samosir West,482988
https://www.agoda.com/api/cronos/geo/NeighborHoods?pageTypeId=5&objectId=512968,6,/samosir-east/maps/samosir-id.html,Samosir East,482987
https://www.agoda.com/api/cronos/geo/NeighborHoods?pageTypeId=5&objectId=512968,2,/tongging/maps/samosir-id.html,Tongging,511670
https://www.agoda.com/api/cronos/geo/NeighborHoods?pageTypeId=5&objectId=719780,37,/tumpatan-nibung/maps/tumpatan-nibung-id.html,Tumpatan Nibung,569292
https://www.agoda.com/api/cronos/geo/NeighborHoods?pageTypeId=5&objectId=512966,23,/pematangsiantar-city-center/maps/pematangsiantar-id.html,Pematangsiantar City Center,482976
https://www.agoda.com/api/cronos/geo/NeighborHoods?pageTypeId=5&objectId=512966,5,/siantar/maps/pematangsiantar-id.html,Siantar,482977
https://www.agoda.com/api/cronos/geo/NeighborHoods?pageTypeId=5&objectId=21719,91,/berastagi/maps/berastagi-id.html,Berastagi,94388
https://www.agoda.com/api/cronos/geo/NeighborHoods?pageTypeId=5&objectId=21719,7,/sibolangit/maps/berastagi-id.html,Sibolangit,94545
https://www.agoda.com/api/cronos/geo/NeighborHoods?pageTypeId=5&objectId=21284,132,/medan-baru/maps/medan-id.html,Medan Baru,484420
https://www.agoda.com/api/cronos/geo/NeighborHoods?pageTypeId=5&objectId=21284,106,/medan-selayang/maps/medan-id.html,Medan Selayang,484418
https://www.agoda.com/api/cronos/geo/NeighborHoods?pageTypeId=5&objectId=21284,78,/medan-city-center/maps/medan-id.html,Medan City Center,57059
https://www.agoda.com/api/cronos/geo/NeighborHoods?pageTypeId=5&objectId=21284,57,/medan-area/maps/medan-id.html,Medan Area,484423
https://www.agoda.com/api/cronos/geo/NeighborHoods?pageTypeId=5&objectId=21284,46,/medan-petisah/maps/medan-id.html,Medan Petisah,484424
https://www.agoda.com/api/cronos/geo/NeighborHoods?pageTypeId=5&objectId=21284,37,/medan-sunggal/maps/medan-id.html,Medan Sunggal,484419
https://www.agoda.com/api/cronos/geo/NeighborHoods?pageTypeId=5&objectId=21284,34,/medan-perjuangan/maps/medan-id.html,Medan Perjuangan,484427
https://www.agoda.com/api/cronos/geo/NeighborHoods?pageTypeId=5&objectId=21284,28,/medan-kota/maps/medan-id.html,Medan Kota,484425
https://www.agoda.com/api/cronos/geo/NeighborHoods?pageTypeId=5&objectId=21284,27,/medan-polonia/maps/medan-id.html,Medan Polonia,519636
https://www.agoda.com/api/cronos/geo/NeighborHoods?pageTypeId=5&objectId=21284,22,/medan-johor/maps/medan-id.html,Medan Johor,484416
https://www.agoda.com/api/cronos/geo/NeighborHoods?pageTypeId=5&objectId=21284,19,/medan-maimun/maps/medan-id.html,Medan Maimun,519635
https://www.agoda.com/api/cronos/geo/NeighborHoods?pageTypeId=5&objectId=21284,19,/medan-amplas/maps/medan-id.html,Medan Amplas,519634
https://www.agoda.com/api/cronos/geo/NeighborHoods?pageTypeId=5&objectId=21284,14,/medan-tembung/maps/medan-id.html,Medan Tembung,484426
https://www.agoda.com/api/cronos/geo/NeighborHoods?pageTypeId=5&objectId=21284,10,/percut-sei-tuan/maps/medan-id.html,Percut Sei Tuan,484421
https://www.agoda.com/api/cronos/geo/NeighborHoods?pageTypeId=5&objectId=21284,6,/medan-helvetia/maps/medan-id.html,Medan Helvetia,484428
https://www.agoda.com/api/cronos/geo/NeighborHoods?pageTypeId=5&objectId=21284,4,/medan-timur/maps/medan-id.html,Medan Timur,484433
https://www.agoda.com/api/cronos/geo/NeighborHoods?pageTypeId=5&objectId=21284,3,/deli-serdang/maps/medan-id.html,Deli Serdang,500673
https://www.agoda.com/api/cronos/geo/NeighborHoods?pageTypeId=5&objectId=21284,1,/medan-barat/maps/medan-id.html,Medan Barat,484432
https://www.agoda.com/api/cronos/geo/NeighborHoods?pageTypeId=5&objectId=21284,1,/medan-marelan/maps/medan-id.html,Medan Marelan,484429
https://www.agoda.com/api/cronos/geo/NeighborHoods?pageTypeId=5&objectId=21284,1,/medan-labuhan/maps/medan-id.html,Medan Labuhan,484430
https://www.agoda.com/api/cronos/geo/NeighborHoods?pageTypeId=5&objectId=21284,1,/medan-deli/maps/medan-id.html,Medan Deli,484431
https://www.agoda.com/api/cronos/geo/NeighborHoods?pageTypeId=5&objectId=390238,33,/parapat/maps/parapat-id.html,Parapat,378678
https://www.agoda.com/api/cronos/geo/NeighborHoods?pageTypeId=5&objectId=718314,9,/merek/maps/merek-id.html,Merek,565826
https://www.agoda.com/api/cronos/geo/NeighborHoods?pageTypeId=5&objectId=161892,6,/paya-geli/maps/sunggal-id.html,Paya Geli,569291
https://www.agoda.com/api/cronos/geo/NeighborHoods?pageTypeId=5&objectId=513121,7,/binjai/maps/binjai-id.html,Binjai,495564
https://www.agoda.com/api/cronos/geo/NeighborHoods?pageTypeId=5&objectId=734930,9,/botohilitano/maps/botohilitano-id.html,Botohilitano,590427
https://www.agoda.com/api/cronos/geo/NeighborHoods?pageTypeId=5&objectId=734925,8,/namu-sialang/maps/namu-sialang-id.html,Namu Sialang,590422
https://www.agoda.com/api/cronos/geo/NeighborHoods?pageTypeId=5&objectId=671602,5,/tarutung/maps/tarutung-id.html,Tarutung,495216
https://www.agoda.com/api/cronos/geo/NeighborHoods?pageTypeId=5&objectId=513047,5,/sibolga/maps/sibolga-id.html,Sibolga,495551
https://www.agoda.com/api/cronos/geo/NeighborHoods?pageTypeId=5&objectId=734929,2,/bawosaloo/maps/bawosaloo-id.html,Bawosaloo,590426
https://www.agoda.com/api/cronos/geo/NeighborHoods?pageTypeId=5&objectId=671595,3,/padang-sidempuan/maps/padang-sidempuan-id.html,Padang Sidempuan,495200
https://www.agoda.com/api/cronos/geo/NeighborHoods?pageTypeId=5&objectId=734932,3,/kota-pari/maps/kota-pari-id.html,Kota Pari,590430
https://www.agoda.com/api/cronos/geo/NeighborHoods?pageTypeId=5&objectId=734933,2,/bahapal-raya/maps/bahapal-raya-id.html,Bahapal Raya,590431
https://www.agoda.com/api/cronos/geo/NeighborHoods?pageTypeId=5&objectId=734875,3,/bagan-batu/maps/bagan-batu-id.html,Bagan Batu,590364
https://www.agoda.com/api/cronos/geo/NeighborHoods?pageTypeId=5&objectId=734928,1,/timbang-lawan/maps/timbang-lawan-id.html,Timbang Lawan,590425
https://www.agoda.com/api/cronos/geo/NeighborHoods?pageTypeId=5&objectId=734934,1,/aek-tolang/maps/aek-tolang-id.html,Aek Tolang,590432
https://www.agoda.com/api/cronos/geo/NeighborHoods?pageTypeId=5&objectId=718312,1,/hiligeho/maps/teluk-dalam-id.html,Hiligeho,590428
https://www.agoda.com/api/cronos/geo/NeighborHoods?pageTypeId=5&objectId=734926,1,/lau-damak/maps/lau-damak-id.html,Lau Damak,590423
https://www.agoda.com/api/cronos/geo/NeighborHoods?pageTypeId=5&objectId=10779,528,/surabaya-center/maps/surabaya-id.html,Surabaya Center,26648
https://www.agoda.com/api/cronos/geo/NeighborHoods?pageTypeId=5&objectId=10779,328,/dukuh-pakis/maps/surabaya-id.html,Dukuh Pakis,94142
https://www.agoda.com/api/cronos/geo/NeighborHoods?pageTypeId=5&objectId=10779,267,/rungkut/maps/surabaya-id.html,Rungkut,94140
https://www.agoda.com/api/cronos/geo/NeighborHoods?pageTypeId=5&objectId=10779,141,/sukulilo/maps/surabaya-id.html,Sukulilo,495202
https://www.agoda.com/api/cronos/geo/NeighborHoods?pageTypeId=5&objectId=10779,105,/kenjeran/maps/surabaya-id.html,Kenjeran,484589
https://www.agoda.com/api/cronos/geo/NeighborHoods?pageTypeId=5&objectId=10779,102,/waru/maps/surabaya-id.html,Waru,62086
https://www.agoda.com/api/cronos/geo/NeighborHoods?pageTypeId=5&objectId=10779,32,/sidoarjo/maps/surabaya-id.html,Sidoarjo,483944
https://www.agoda.com/api/cronos/geo/NeighborHoods?pageTypeId=5&objectId=5414,1005,/batu/maps/malang-id.html,Batu,80922
https://www.agoda.com/api/cronos/geo/NeighborHoods?pageTypeId=5&objectId=5414,816,/malang-center/maps/malang-id.html,Malang Center,94021
https://www.agoda.com/api/cronos/geo/NeighborHoods?pageTypeId=5&objectId=5414,16,/lawang/maps/malang-id.html,Lawang,495804
https://www.agoda.com/api/cronos/geo/NeighborHoods?pageTypeId=5&objectId=5414,15,/kepanjen/maps/malang-id.html,Kepanjen,573526
https://www.agoda.com/api/cronos/geo/NeighborHoods?pageTypeId=5&objectId=5414,8,/wonosari/maps/malang-id.html,Wonosari,563182
https://www.agoda.com/api/cronos/geo/NeighborHoods?pageTypeId=5&objectId=5414,4,/selorejo/maps/malang-id.html,Selorejo,502679
https://www.agoda.com/api/cronos/geo/NeighborHoods?pageTypeId=5&objectId=5414,1,/bromo/maps/malang-id.html,Bromo,93999
https://www.agoda.com/api/cronos/geo/NeighborHoods?pageTypeId=5&objectId=106065,172,/glagah/maps/banyuwangi-id.html,Glagah,583549
https://www.agoda.com/api/cronos/geo/NeighborHoods?pageTypeId=5&objectId=106065,158,/banyuwangi/maps/banyuwangi-id.html,Banyuwangi,94532
https://www.agoda.com/api/cronos/geo/NeighborHoods?pageTypeId=5&objectId=106065,107,/licin/maps/banyuwangi-id.html,Licin,535129
https://www.agoda.com/api/cronos/geo/NeighborHoods?pageTypeId=5&objectId=106065,85,/kalipuro/maps/banyuwangi-id.html,Kalipuro,535130
https://www.agoda.com/api/cronos/geo/NeighborHoods?pageTypeId=5&objectId=106065,14,/kalibaru/maps/banyuwangi-id.html,Kalibaru,535133
https://www.agoda.com/api/cronos/geo/NeighborHoods?pageTypeId=5&objectId=106065,13,/rogojampi/maps/banyuwangi-id.html,Rogojampi,535131
https://www.agoda.com/api/cronos/geo/NeighborHoods?pageTypeId=5&objectId=106065,5,/genteng/maps/banyuwangi-id.html,Genteng,535132
https://www.agoda.com/api/cronos/geo/NeighborHoods?pageTypeId=5&objectId=106065,4,/gambiran/maps/banyuwangi-id.html,Gambiran,567598
https://www.agoda.com/api/cronos/geo/NeighborHoods?pageTypeId=5&objectId=106065,4,/karangrejo/maps/banyuwangi-id.html,Karangrejo,590233
https://www.agoda.com/api/cronos/geo/NeighborHoods?pageTypeId=5&objectId=102505,52,/prigen/maps/trawas-id.html,Prigen,94030
https://www.agoda.com/api/cronos/geo/NeighborHoods?pageTypeId=5&objectId=102505,26,/trawas/maps/trawas-id.html,Trawas,80640
https://www.agoda.com/api/cronos/geo/NeighborHoods?pageTypeId=5&objectId=102505,13,/pacet/maps/trawas-id.html,Pacet,93526
https://www.agoda.com/api/cronos/geo/NeighborHoods?pageTypeId=5&objectId=161749,77,/jember/maps/jember-id.html,Jember,94963
https://www.agoda.com/api/cronos/geo/NeighborHoods?pageTypeId=5&objectId=21721,22,/mayangan/maps/probolinggo-id.html,Mayangan,535161
https://www.agoda.com/api/cronos/geo/NeighborHoods?pageTypeId=5&objectId=21721,13,/kanigaran/maps/probolinggo-id.html,Kanigaran,535162
https://www.agoda.com/api/cronos/geo/NeighborHoods?pageTypeId=5&objectId=21721,13,/kademangan/maps/probolinggo-id.html,Kademangan,535160
https://www.agoda.com/api/cronos/geo/NeighborHoods?pageTypeId=5&objectId=21721,3,/kedopok/maps/probolinggo-id.html,Kedopok,535164
https://www.agoda.com/api/cronos/geo/NeighborHoods?pageTypeId=5&objectId=21721,2,/wonoasih/maps/probolinggo-id.html,Wonoasih,535163
https://www.agoda.com/api/cronos/geo/NeighborHoods?pageTypeId=5&objectId=716194,294,/bromo/maps/bromo-id.html,Bromo,545322
https://www.agoda.com/api/cronos/geo/NeighborHoods?pageTypeId=5&objectId=161752,12,/kartoharjo/maps/madiun-id.html,Kartoharjo,566902
https://www.agoda.com/api/cronos/geo/NeighborHoods?pageTypeId=5&objectId=161752,12,/mangu-harjo/maps/madiun-id.html,Mangu Harjo,568668
https://www.agoda.com/api/cronos/geo/NeighborHoods?pageTypeId=5&objectId=105614,38,/kediri/maps/kediri-id.html,Kediri,93452
https://www.agoda.com/api/cronos/geo/NeighborHoods?pageTypeId=5&objectId=105614,3,/puncu/maps/kediri-id.html,Puncu,494517
https://www.agoda.com/api/cronos/geo/NeighborHoods?pageTypeId=5&objectId=390119,34,/pacitan/maps/pacitan-id.html,Pacitan,378396
https://www.agoda.com/api/cronos/geo/NeighborHoods?pageTypeId=5&objectId=102465,30,/mojokerto/maps/mojokerto-id.html,Mojokerto,80484
https://www.agoda.com/api/cronos/geo/NeighborHoods?pageTypeId=5&objectId=256216,27,/tulungagung/maps/tulungagung-id.html,Tulungagung,95028
https://www.agoda.com/api/cronos/geo/NeighborHoods?pageTypeId=5&objectId=713202,12,/sumenep/maps/madura-island-id.html,Sumenep,549329
https://www.agoda.com/api/cronos/geo/NeighborHoods?pageTypeId=5&objectId=713202,6,/pemekasan/maps/madura-island-id.html,Pemekasan,549330
https://www.agoda.com/api/cronos/geo/NeighborHoods?pageTypeId=5&objectId=713202,5,/sampang/maps/madura-island-id.html,Sampang,549331
https://www.agoda.com/api/cronos/geo/NeighborHoods?pageTypeId=5&objectId=713202,4,/bangkalan/maps/madura-island-id.html,Bangkalan,549332
https://www.agoda.com/api/cronos/geo/NeighborHoods?pageTypeId=5&objectId=671806,23,/bojonegoro/maps/bojonegoro-id.html,Bojonegoro,496008
https://www.agoda.com/api/cronos/geo/NeighborHoods?pageTypeId=5&objectId=161760,22,/tuban/maps/tuban-id.html,Tuban,108957
https://www.agoda.com/api/cronos/geo/NeighborHoods?pageTypeId=5&objectId=8026,9,/gadingrejo/maps/pasuruan-id.html,Gadingrejo,535147
https://www.agoda.com/api/cronos/geo/NeighborHoods?pageTypeId=5&objectId=8026,3,/purworejo/maps/pasuruan-id.html,Purworejo,535148
https://www.agoda.com/api/cronos/geo/NeighborHoods?pageTypeId=5&objectId=8026,3,/panggungrejo/maps/pasuruan-id.html,Panggungrejo,535149
https://www.agoda.com/api/cronos/geo/NeighborHoods?pageTypeId=5&objectId=512833,2,/jogotrunan/maps/lumajang-id.html,Jogotrunan,590245
https://www.agoda.com/api/cronos/geo/NeighborHoods?pageTypeId=5&objectId=8691,543,/rawamangun/maps/jakarta-id.html,Rawamangun,496261
https://www.agoda.com/api/cronos/geo/NeighborHoods?pageTypeId=5&objectId=8691,473,/pasar-minggu/maps/jakarta-id.html,Pasar Minggu,493791
https://www.agoda.com/api/cronos/geo/NeighborHoods?pageTypeId=5&objectId=8691,443,/kuningan/maps/jakarta-id.html,Kuningan,70087
https://www.agoda.com/api/cronos/geo/NeighborHoods?pageTypeId=5&objectId=8691,412,/menteng/maps/jakarta-id.html,Menteng,94074
https://www.agoda.com/api/cronos/geo/NeighborHoods?pageTypeId=5&objectId=8691,332,/senen/maps/jakarta-id.html,Senen,70091
https://www.agoda.com/api/cronos/geo/NeighborHoods?pageTypeId=5&objectId=8691,323,/cengkareng/maps/jakarta-id.html,Cengkareng,94072
https://www.agoda.com/api/cronos/geo/NeighborHoods?pageTypeId=5&objectId=8691,316,/kelapa-gading/maps/jakarta-id.html,Kelapa Gading,80463
https://www.agoda.com/api/cronos/geo/NeighborHoods?pageTypeId=5&objectId=8691,286,/grogol/maps/jakarta-id.html,Grogol,94504
https://www.agoda.com/api/cronos/geo/NeighborHoods?pageTypeId=5&objectId=8691,281,/kemayoran/maps/jakarta-id.html,Kemayoran,70099
https://www.agoda.com/api/cronos/geo/NeighborHoods?pageTypeId=5&objectId=8691,242,/kemang/maps/jakarta-id.html,Kemang,70089
https://www.agoda.com/api/cronos/geo/NeighborHoods?pageTypeId=5&objectId=8691,237,/gajah-mada/maps/jakarta-id.html,Gajah Mada,94075
https://www.agoda.com/api/cronos/geo/NeighborHoods?pageTypeId=5&objectId=8691,221,/pluit/maps/jakarta-id.html,Pluit,483158
https://www.agoda.com/api/cronos/geo/NeighborHoods?pageTypeId=5&objectId=8691,219,/cilandak/maps/jakarta-id.html,Cilandak,58889
https://www.agoda.com/api/cronos/geo/NeighborHoods?pageTypeId=5&objectId=8691,184,/airport-soekarno-hatta/maps/jakarta-id.html,Airport Soekarno Hatta,70098
https://www.agoda.com/api/cronos/geo/NeighborHoods?pageTypeId=5&objectId=8691,181,/thamrin/maps/jakarta-id.html,Thamrin,70084
https://www.agoda.com/api/cronos/geo/NeighborHoods?pageTypeId=5&objectId=8691,165,/mangga-dua/maps/jakarta-id.html,Mangga Dua,70094
https://www.agoda.com/api/cronos/geo/NeighborHoods?pageTypeId=5&objectId=8691,159,/mampang/maps/jakarta-id.html,Mampang,80462
https://www.agoda.com/api/cronos/geo/NeighborHoods?pageTypeId=5&objectId=8691,155,/slipi/maps/jakarta-id.html,Slipi,70090
https://www.agoda.com/api/cronos/geo/NeighborHoods?pageTypeId=5&objectId=8691,154,/kebon-jeruk/maps/jakarta-id.html,Kebon Jeruk,519724
https://www.agoda.com/api/cronos/geo/NeighborHoods?pageTypeId=5&objectId=8691,143,/senayan/maps/jakarta-id.html,Senayan,70086
https://www.agoda.com/api/cronos/geo/NeighborHoods?pageTypeId=5&objectId=8691,138,/sudirman/maps/jakarta-id.html,Sudirman,70085
https://www.agoda.com/api/cronos/geo/NeighborHoods?pageTypeId=5&objectId=8691,126,/pondok-indah/maps/jakarta-id.html,Pondok Indah,94542
https://www.agoda.com/api/cronos/geo/NeighborHoods?pageTypeId=5&objectId=8691,125,/cawang/maps/jakarta-id.html,Cawang,499730
https://www.agoda.com/api/cronos/geo/NeighborHoods?pageTypeId=5&objectId=8691,117,/mangga-besar/maps/jakarta-id.html,Mangga Besar,70096
https://www.agoda.com/api/cronos/geo/NeighborHoods?pageTypeId=5&objectId=8691,99,/sunter/maps/jakarta-id.html,Sunter,519365
https://www.agoda.com/api/cronos/geo/NeighborHoods?pageTypeId=5&objectId=8691,95,/blok-m/maps/jakarta-id.html,Blok M,70088
https://www.agoda.com/api/cronos/geo/NeighborHoods?pageTypeId=5&objectId=8691,74,/tebet/maps/jakarta-id.html,Tebet,484053
https://www.agoda.com/api/cronos/geo/NeighborHoods?pageTypeId=5&objectId=8691,68,/cibubur/maps/jakarta-id.html,Cibubur,93426
https://www.agoda.com/api/cronos/geo/NeighborHoods?pageTypeId=5&objectId=8691,67,/tanah-abang/maps/jakarta-id.html,Tanah Abang,573524
https://www.agoda.com/api/cronos/geo/NeighborHoods?pageTypeId=5&objectId=8691,65,/kebayoran-lama/maps/jakarta-id.html,Kebayoran Lama,519723
https://www.agoda.com/api/cronos/geo/NeighborHoods?pageTypeId=5&objectId=8691,58,/ancol/maps/jakarta-id.html,Ancol,70095
https://www.agoda.com/api/cronos/geo/NeighborHoods?pageTypeId=5&objectId=8691,56,/pasar-baru/maps/jakarta-id.html,Pasar Baru,94073
https://www.agoda.com/api/cronos/geo/NeighborHoods?pageTypeId=5&objectId=8691,51,/monas/maps/jakarta-id.html,Monas,94071
https://www.agoda.com/api/cronos/geo/NeighborHoods?pageTypeId=5&objectId=8691,50,/north-jakarta/maps/jakarta-id.html,North Jakarta,26644
https://www.agoda.com/api/cronos/geo/NeighborHoods?pageTypeId=5&objectId=8691,43,/gatot-subroto/maps/jakarta-id.html,Gatot Subroto,573525
https://www.agoda.com/api/cronos/geo/NeighborHoods?pageTypeId=5&objectId=8691,43,/kepulauan-seribu/maps/jakarta-id.html,Kepulauan Seribu,496259
https://www.agoda.com/api/cronos/geo/NeighborHoods?pageTypeId=5&objectId=8691,40,/halim/maps/jakarta-id.html,Halim,496258
https://www.agoda.com/api/cronos/geo/NeighborHoods?pageTypeId=5&objectId=8691,1,/west-jakarta/maps/jakarta-id.html,West Jakarta,26646
https://www.agoda.com/api/cronos/geo/NeighborHoods?pageTypeId=5&objectId=734768,19,/sarangan/maps/sarangan-id.html,Sarangan,590248
https://www.agoda.com/api/cronos/geo/NeighborHoods?pageTypeId=5&objectId=161672,1,/pangkalanjati-baru/maps/kalibata-id.html,Pangkalanjati Baru,590343
https://www.agoda.com/api/cronos/geo/NeighborHoods?pageTypeId=5&objectId=17772,13,/kecamatan/maps/sumbawa-id.html,Kecamatan,58904
https://www.agoda.com/api/cronos/geo/NeighborHoods?pageTypeId=5&objectId=17772,6,/sekateng/maps/sumbawa-id.html,Sekateng,535614
https://www.agoda.com/api/cronos/geo/NeighborHoods?pageTypeId=5&objectId=17772,3,/lempeh/maps/sumbawa-id.html,Lempeh,535616
https://www.agoda.com/api/cronos/geo/NeighborHoods?pageTypeId=5&objectId=17772,2,/brang-biji/maps/sumbawa-id.html,Brang Biji,535615
https://www.agoda.com/api/cronos/geo/NeighborHoods?pageTypeId=5&objectId=17772,1,/penyaring/maps/sumbawa-id.html,Penyaring,590467
https://www.agoda.com/api/cronos/geo/NeighborHoods?pageTypeId=5&objectId=16842,457,/gili-trawangan/maps/lombok-id.html,Gili Trawangan,34402
https://www.agoda.com/api/cronos/geo/NeighborHoods?pageTypeId=5&objectId=16842,318,/kuta/maps/lombok-id.html,Kuta,26868
https://www.agoda.com/api/cronos/geo/NeighborHoods?pageTypeId=5&objectId=16842,279,/senggigi/maps/lombok-id.html,Senggigi,26875
https://www.agoda.com/api/cronos/geo/NeighborHoods?pageTypeId=5&objectId=16842,254,/gili-air/maps/lombok-id.html,Gili Air,94529
https://www.agoda.com/api/cronos/geo/NeighborHoods?pageTypeId=5&objectId=16842,210,/mataram/maps/lombok-id.html,Mataram,34403
https://www.agoda.com/api/cronos/geo/NeighborHoods?pageTypeId=5&objectId=16842,104,/gili-meno/maps/lombok-id.html,Gili Meno,94506
https://www.agoda.com/api/cronos/geo/NeighborHoods?pageTypeId=5&objectId=16842,61,/sikur/maps/lombok-id.html,Sikur,514963
https://www.agoda.com/api/cronos/geo/NeighborHoods?pageTypeId=5&objectId=16842,50,/medana/maps/lombok-id.html,Medana,94035
https://www.agoda.com/api/cronos/geo/NeighborHoods?pageTypeId=5&objectId=16842,47,/tanjung-ringgit/maps/lombok-id.html,Tanjung Ringgit,494531
https://www.agoda.com/api/cronos/geo/NeighborHoods?pageTypeId=5&objectId=16842,36,/sembalun/maps/lombok-id.html,Sembalun,502520
https://www.agoda.com/api/cronos/geo/NeighborHoods?pageTypeId=5&objectId=16842,25,/senaru/maps/lombok-id.html,Senaru,483081
https://www.agoda.com/api/cronos/geo/NeighborHoods?pageTypeId=5&objectId=16842,16,/sekotong/maps/lombok-id.html,Sekotong,94149
https://www.agoda.com/api/cronos/geo/NeighborHoods?pageTypeId=5&objectId=16842,14,/gili-gede/maps/lombok-id.html,Gili Gede,567122
https://www.agoda.com/api/cronos/geo/NeighborHoods?pageTypeId=5&objectId=16842,11,/praya/maps/lombok-id.html,Praya,502677
https://www.agoda.com/api/cronos/geo/NeighborHoods?pageTypeId=5&objectId=16842,10,/lingsar/maps/lombok-id.html,Lingsar,94150
https://www.agoda.com/api/cronos/geo/NeighborHoods?pageTypeId=5&objectId=16842,4,/selebung/maps/lombok-id.html,Selebung,483079
https://www.agoda.com/api/cronos/geo/NeighborHoods?pageTypeId=5&objectId=16842,4,/bumbang-beach/maps/lombok-id.html,Bumbang Beach,483085
https://www.agoda.com/api/cronos/geo/NeighborHoods?pageTypeId=5&objectId=16842,4,/gili-asahan/maps/lombok-id.html,Gili Asahan,583543
https://www.agoda.com/api/cronos/geo/NeighborHoods?pageTypeId=5&objectId=16842,4,/selong/maps/lombok-id.html,Selong,519620
https://www.agoda.com/api/cronos/geo/NeighborHoods?pageTypeId=5&objectId=16842,3,/pelangan/maps/lombok-id.html,Pelangan,519621
https://www.agoda.com/api/cronos/geo/NeighborHoods?pageTypeId=5&objectId=16842,3,/east-lombok/maps/lombok-id.html,East Lombok,483080
https://www.agoda.com/api/cronos/geo/NeighborHoods?pageTypeId=5&objectId=16842,3,/gangga/maps/lombok-id.html,Gangga,514965
https://www.agoda.com/api/cronos/geo/NeighborHoods?pageTypeId=5&objectId=16842,1,/gili-sudak/maps/lombok-id.html,Gili Sudak,514964
https://www.agoda.com/api/cronos/geo/NeighborHoods?pageTypeId=5&objectId=734830,9,/selong-belanak/maps/selong-belanak-id.html,Selong Belanak,590457
https://www.agoda.com/api/cronos/geo/NeighborHoods?pageTypeId=5&objectId=734823,14,/huu/maps/huu-id.html,Huu,590449
https://www.agoda.com/api/cronos/geo/NeighborHoods?pageTypeId=5&objectId=734826,4,/buwun-mas/maps/buwun-mas-id.html,Buwun Mas,590452
https://www.agoda.com/api/cronos/geo/NeighborHoods?pageTypeId=5&objectId=734836,4,/sapit/maps/sapit-id.html,Sapit,590463
https://www.agoda.com/api/cronos/geo/NeighborHoods?pageTypeId=5&objectId=734845,6,/sekongkang-bawah/maps/sekongkang-bawah-id.html,Sekongkang Bawah,590473
https://www.agoda.com/api/cronos/geo/NeighborHoods?pageTypeId=5&objectId=734831,6,/setanggor/maps/setanggor-id.html,Setanggor,590458
https://www.agoda.com/api/cronos/geo/NeighborHoods?pageTypeId=5&objectId=734841,4,/beru/maps/beru-id.html,Beru,590469
https://www.agoda.com/api/cronos/geo/NeighborHoods?pageTypeId=5&objectId=734844,3,/pasir-putih/maps/pasir-putih-id.html,Pasir Putih,590472
https://www.agoda.com/api/cronos/geo/NeighborHoods?pageTypeId=5&objectId=734822,1,/poja/maps/poja-id.html,Poja,590448
https://www.agoda.com/api/cronos/geo/NeighborHoods?pageTypeId=5&objectId=734824,1,/lembar/maps/lembar-id.html,Lembar,590450
https://www.agoda.com/api/cronos/geo/NeighborHoods?pageTypeId=5&objectId=719278,4,/moyo-island/maps/moyo-island-id.html,Moyo Island,567605
https://www.agoda.com/api/cronos/geo/NeighborHoods?pageTypeId=5&objectId=734842,1,/maluk/maps/maluk-id.html,Maluk,590470
https://www.agoda.com/api/cronos/geo/NeighborHoods?pageTypeId=5&objectId=734829,1,/mangkung/maps/mangkung-id.html,Mangkung,590456
https://www.agoda.com/api/cronos/geo/NeighborHoods?pageTypeId=5&objectId=734843,1,/mantun/maps/mantun-id.html,Mantun,590471
https://www.agoda.com/api/cronos/geo/NeighborHoods?pageTypeId=5&objectId=14018,608,/depok/maps/yogyakarta-id.html,Depok,62099
https://www.agoda.com/api/cronos/geo/NeighborHoods?pageTypeId=5&objectId=14018,528,/yogyakarta-city-center/maps/yogyakarta-id.html,Yogyakarta City Center,26649
https://www.agoda.com/api/cronos/geo/NeighborHoods?pageTypeId=5&objectId=14018,488,/ngaglik/maps/yogyakarta-id.html,Ngaglik,485359
https://www.agoda.com/api/cronos/geo/NeighborHoods?pageTypeId=5&objectId=14018,326,/bantul/maps/yogyakarta-id.html,Bantul,484122
https://www.agoda.com/api/cronos/geo/NeighborHoods?pageTypeId=5&objectId=14018,256,/kota-gede/maps/yogyakarta-id.html,Kota Gede,484123
https://www.agoda.com/api/cronos/geo/NeighborHoods?pageTypeId=5&objectId=14018,204,/kaliurang/maps/yogyakarta-id.html,Kaliurang,93518
https://www.agoda.com/api/cronos/geo/NeighborHoods?pageTypeId=5&objectId=14018,160,/yogyakarta-airport/maps/yogyakarta-id.html,Yogyakarta Airport,93450
https://www.agoda.com/api/cronos/geo/NeighborHoods?pageTypeId=5&objectId=14018,135,/kota-baru/maps/yogyakarta-id.html,Kota Baru,484118
https://www.agoda.com/api/cronos/geo/NeighborHoods?pageTypeId=5&objectId=14018,111,/sinduadi/maps/yogyakarta-id.html,Sinduadi,484125
https://www.agoda.com/api/cronos/geo/NeighborHoods?pageTypeId=5&objectId=14018,98,/banguntapan/maps/yogyakarta-id.html,Banguntapan,514869
https://www.agoda.com/api/cronos/geo/NeighborHoods?pageTypeId=5&objectId=14018,84,/kasihan/maps/yogyakarta-id.html,Kasihan,519644
https://www.agoda.com/api/cronos/geo/NeighborHoods?pageTypeId=5&objectId=14018,69,/godean/maps/yogyakarta-id.html,Godean,484124
https://www.agoda.com/api/cronos/geo/NeighborHoods?pageTypeId=5&objectId=14018,61,/parangtritis/maps/yogyakarta-id.html,Parangtritis,94045
https://www.agoda.com/api/cronos/geo/NeighborHoods?pageTypeId=5&objectId=14018,61,/wirobrajan/maps/yogyakarta-id.html,Wirobrajan,484116
https://www.agoda.com/api/cronos/geo/NeighborHoods?pageTypeId=5&objectId=14018,58,/sleman/maps/yogyakarta-id.html,Sleman,485358
https://www.agoda.com/api/cronos/geo/NeighborHoods?pageTypeId=5&objectId=14018,30,/prambanan/maps/yogyakarta-id.html,Prambanan,485360
https://www.agoda.com/api/cronos/geo/NeighborHoods?pageTypeId=5&objectId=14018,17,/srandakan/maps/yogyakarta-id.html,Srandakan,499732
https://www.agoda.com/api/cronos/geo/NeighborHoods?pageTypeId=5&objectId=14018,15,/wonosari/maps/yogyakarta-id.html,Wonosari,507594
https://www.agoda.com/api/cronos/geo/NeighborHoods?pageTypeId=5&objectId=14018,1,/gunung-kidul/maps/yogyakarta-id.html,Gunung Kidul,507595
https://www.agoda.com/api/cronos/geo/NeighborHoods?pageTypeId=5&objectId=734846,1,/kuang/maps/kuang-id.html,Kuang,590474
https://www.agoda.com/api/cronos/geo/NeighborHoods?pageTypeId=5&objectId=734937,31,/hargowilis/maps/hargowilis-id.html,Hargowilis,590443
https://www.agoda.com/api/cronos/geo/NeighborHoods?pageTypeId=5&objectId=734939,22,/pagerharjo/maps/pagerharjo-id.html,Pagerharjo,590445
https://www.agoda.com/api/cronos/geo/NeighborHoods?pageTypeId=5&objectId=734940,4,/sendangagung/maps/sendangagung-id.html,Sendangagung,590446
https://www.agoda.com/api/cronos/geo/NeighborHoods?pageTypeId=5&objectId=161717,23,/kemadang/maps/bedoyo-id.html,Kemadang,590436
https://www.agoda.com/api/cronos/geo/NeighborHoods?pageTypeId=5&objectId=161717,10,/tepus/maps/bedoyo-id.html,Tepus,590440
https://www.agoda.com/api/cronos/geo/NeighborHoods?pageTypeId=5&objectId=161717,9,/sidoharjo/maps/bedoyo-id.html,Sidoharjo,590439
https://www.agoda.com/api/cronos/geo/NeighborHoods?pageTypeId=5&objectId=161717,4,/ngestirejo/maps/bedoyo-id.html,Ngestirejo,590437
https://www.agoda.com/api/cronos/geo/NeighborHoods?pageTypeId=5&objectId=161717,2,/pacarejo/maps/bedoyo-id.html,Pacarejo,590435
https://www.agoda.com/api/cronos/geo/NeighborHoods?pageTypeId=5&objectId=734935,1,/karang-tengah/maps/karang-tengah-id.html,Karang Tengah,590433
https://www.agoda.com/api/cronos/geo/NeighborHoods?pageTypeId=5&objectId=734938,4,/ngargosari/maps/ngargosari-id.html,Ngargosari,590444
https://www.agoda.com/api/cronos/geo/NeighborHoods?pageTypeId=5&objectId=21741,59,/carita/maps/anyer-id.html,Carita,93479
https://www.agoda.com/api/cronos/geo/NeighborHoods?pageTypeId=5&objectId=21741,19,/tanjung-lesung/maps/anyer-id.html,Tanjung Lesung,93480
https://www.agoda.com/api/cronos/geo/NeighborHoods?pageTypeId=5&objectId=21741,16,/karang-suraga/maps/anyer-id.html,Karang Suraga,513167
https://www.agoda.com/api/cronos/geo/NeighborHoods?pageTypeId=5&objectId=21741,15,/bandulu/maps/anyer-id.html,Bandulu,513166
https://www.agoda.com/api/cronos/geo/NeighborHoods?pageTypeId=5&objectId=21741,12,/cikoneng/maps/anyer-id.html,Cikoneng,80356
https://www.agoda.com/api/cronos/geo/NeighborHoods?pageTypeId=5&objectId=21741,3,/labuhan/maps/anyer-id.html,Labuhan,481954
https://www.agoda.com/api/cronos/geo/NeighborHoods?pageTypeId=5&objectId=21741,1,/margagiri/maps/anyer-id.html,Margagiri,597396
https://www.agoda.com/api/cronos/geo/NeighborHoods?pageTypeId=5&objectId=102488,975,/serpong/maps/tangerang-id.html,Serpong,80706
https://www.agoda.com/api/cronos/geo/NeighborHoods?pageTypeId=5&objectId=102488,211,/bintaro/maps/tangerang-id.html,Bintaro,508125
https://www.agoda.com/api/cronos/geo/NeighborHoods?pageTypeId=5&objectId=102488,156,/tangerang-city-center/maps/tangerang-id.html,Tangerang City Center,80564
https://www.agoda.com/api/cronos/geo/NeighborHoods?pageTypeId=5&objectId=102488,137,/pinang/maps/tangerang-id.html,Pinang,519625
https://www.agoda.com/api/cronos/geo/NeighborHoods?pageTypeId=5&objectId=102488,132,/ciputat/maps/tangerang-id.html,Ciputat,562787
https://www.agoda.com/api/cronos/geo/NeighborHoods?pageTypeId=5&objectId=102488,110,/alam-sutera/maps/tangerang-id.html,Alam Sutera,508124
https://www.agoda.com/api/cronos/geo/NeighborHoods?pageTypeId=5&objectId=102488,60,/karawaci/maps/tangerang-id.html,Karawaci,508126
https://www.agoda.com/api/cronos/geo/NeighborHoods?pageTypeId=5&objectId=102488,55,/binong/maps/tangerang-id.html,Binong,567596
https://www.agoda.com/api/cronos/geo/NeighborHoods?pageTypeId=5&objectId=102488,40,/batu-ceper/maps/tangerang-id.html,Batu Ceper,519629
https://www.agoda.com/api/cronos/geo/NeighborHoods?pageTypeId=5&objectId=102488,31,/karang-tengah/maps/tangerang-id.html,Karang Tengah,508123
https://www.agoda.com/api/cronos/geo/NeighborHoods?pageTypeId=5&objectId=102488,31,/medang/maps/tangerang-id.html,Medang,583546
https://www.agoda.com/api/cronos/geo/NeighborHoods?pageTypeId=5&objectId=102488,18,/pisangan/maps/tangerang-id.html,Pisangan,583547
https://www.agoda.com/api/cronos/geo/NeighborHoods?pageTypeId=5&objectId=102488,14,/cikupa/maps/tangerang-id.html,Cikupa,515151
https://www.agoda.com/api/cronos/geo/NeighborHoods?pageTypeId=5&objectId=102488,13,/jatiuwung/maps/tangerang-id.html,Jatiuwung,519627
https://www.agoda.com/api/cronos/geo/NeighborHoods?pageTypeId=5&objectId=102488,13,/kosambi/maps/tangerang-id.html,Kosambi,597434
https://www.agoda.com/api/cronos/geo/NeighborHoods?pageTypeId=5&objectId=102488,11,/cipondoh/maps/tangerang-id.html,Cipondoh,519624
https://www.agoda.com/api/cronos/geo/NeighborHoods?pageTypeId=5&objectId=102488,10,/periuk/maps/tangerang-id.html,Periuk,519628
https://www.agoda.com/api/cronos/geo/NeighborHoods?pageTypeId=5&objectId=102488,6,/cireundeu/maps/tangerang-id.html,Cireundeu,583548
https://www.agoda.com/api/cronos/geo/NeighborHoods?pageTypeId=5&objectId=102488,2,/cibodas/maps/tangerang-id.html,Cibodas,519626
https://www.agoda.com/api/cronos/geo/NeighborHoods?pageTypeId=5&objectId=19621,52,/serang-cilegon/maps/banten-id.html,Serang / Cilegon,94062
https://www.agoda.com/api/cronos/geo/NeighborHoods?pageTypeId=5&objectId=719281,2,/kadumerak/maps/karangtanjung-id.html,Kadumerak,567608
https://www.agoda.com/api/cronos/geo/NeighborHoods?pageTypeId=5&objectId=734728,2,/sangiang/maps/sangiang-id.html,Sangiang,590324
https://www.agoda.com/api/cronos/geo/NeighborHoods?pageTypeId=5&objectId=161643,5,/pondok-cabe-udik/maps/buaran-id.html,Pondok Cabe Udik,590325
https://www.agoda.com/api/cronos/geo/NeighborHoods?pageTypeId=5&objectId=161656,1,/nambo-ilir/maps/cikande-id.html,Nambo Ilir,596881
https://www.agoda.com/api/cronos/geo/NeighborHoods?pageTypeId=5&objectId=513014,17,/ponorogo/maps/ponorogo-id.html,Ponorogo,483181
https://www.agoda.com/api/cronos/geo/NeighborHoods?pageTypeId=5&objectId=734759,16,/sumberagung/maps/sumberagung-id.html,Sumberagung,590236
https://www.agoda.com/api/cronos/geo/NeighborHoods?pageTypeId=5&objectId=512857,15,/gresik/maps/gresik-id.html,Gresik,495543
https://www.agoda.com/api/cronos/geo/NeighborHoods?pageTypeId=5&objectId=734771,16,/watukarung/maps/watukarung-id.html,Watukarung,590251
https://www.agoda.com/api/cronos/geo/NeighborHoods?pageTypeId=5&objectId=246854,13,/bondowoso/maps/bondowoso-id.html,Bondowoso,94976
https://www.agoda.com/api/cronos/geo/NeighborHoods?pageTypeId=5&objectId=390129,7,/lamongan/maps/lamongan-id.html,Lamongan,378421
https://www.agoda.com/api/cronos/geo/NeighborHoods?pageTypeId=5&objectId=734765,6,/sumbermujur/maps/sumbermujur-id.html,Sumbermujur,590244
https://www.agoda.com/api/cronos/geo/NeighborHoods?pageTypeId=5&objectId=734764,4,/paciran/maps/paciran-id.html,Paciran,590243
https://www.agoda.com/api/cronos/geo/NeighborHoods?pageTypeId=5&objectId=19359,200,/simpang-lima/maps/semarang-id.html,Simpang Lima,94673
https://www.agoda.com/api/cronos/geo/NeighborHoods?pageTypeId=5&objectId=19359,134,/ungaran/maps/semarang-id.html,Ungaran,499682
https://www.agoda.com/api/cronos/geo/NeighborHoods?pageTypeId=5&objectId=19359,116,/west-semarang/maps/semarang-id.html,West Semarang,514701
https://www.agoda.com/api/cronos/geo/NeighborHoods?pageTypeId=5&objectId=19359,75,/china-town/maps/semarang-id.html,China Town,94672
https://www.agoda.com/api/cronos/geo/NeighborHoods?pageTypeId=5&objectId=19359,59,/bandungan/maps/semarang-id.html,Bandungan,514700
https://www.agoda.com/api/cronos/geo/NeighborHoods?pageTypeId=5&objectId=19359,52,/candi/maps/semarang-id.html,Candi,94674
https://www.agoda.com/api/cronos/geo/NeighborHoods?pageTypeId=5&objectId=19359,27,/pedurungan/maps/semarang-id.html,Pedurungan,539065
https://www.agoda.com/api/cronos/geo/NeighborHoods?pageTypeId=5&objectId=19359,7,/kedungmundu/maps/semarang-id.html,Kedungmundu,590225
https://www.agoda.com/api/cronos/geo/NeighborHoods?pageTypeId=5&objectId=18878,287,/borobudur/maps/magelang-id.html,Borobudur,482564
https://www.agoda.com/api/cronos/geo/NeighborHoods?pageTypeId=5&objectId=18878,28,/magelang-selatan/maps/magelang-id.html,Magelang Selatan,482565
https://www.agoda.com/api/cronos/geo/NeighborHoods?pageTypeId=5&objectId=18878,20,/magelang-utara/maps/magelang-id.html,Magelang Utara,482566
https://www.agoda.com/api/cronos/geo/NeighborHoods?pageTypeId=5&objectId=734770,3,/sendang/maps/sendang-id.html,Sendang,590250
https://www.agoda.com/api/cronos/geo/NeighborHoods?pageTypeId=5&objectId=2961,120,/laweyan/maps/solo-surakarta-id.html,Laweyan,514880
https://www.agoda.com/api/cronos/geo/NeighborHoods?pageTypeId=5&objectId=2961,85,/banjarsari/maps/solo-surakarta-id.html,Banjarsari,514878
https://www.agoda.com/api/cronos/geo/NeighborHoods?pageTypeId=5&objectId=2961,65,/serengan/maps/solo-surakarta-id.html,Serengan,514881
https://www.agoda.com/api/cronos/geo/NeighborHoods?pageTypeId=5&objectId=2961,23,/jebres/maps/solo-surakarta-id.html,Jebres,514882
https://www.agoda.com/api/cronos/geo/NeighborHoods?pageTypeId=5&objectId=2961,18,/pasar-kliwon/maps/solo-surakarta-id.html,Pasar Kliwon,514879
https://www.agoda.com/api/cronos/geo/NeighborHoods?pageTypeId=5&objectId=2961,9,/sukoharjo/maps/solo-surakarta-id.html,Sukoharjo,514673
https://www.agoda.com/api/cronos/geo/NeighborHoods?pageTypeId=5&objectId=2961,5,/grogol/maps/solo-surakarta-id.html,Grogol,495913
https://www.agoda.com/api/cronos/geo/NeighborHoods?pageTypeId=5&objectId=2961,2,/adi-sumarmo-airport/maps/solo-surakarta-id.html,Adi Sumarmo Airport,94661
https://www.agoda.com/api/cronos/geo/NeighborHoods?pageTypeId=5&objectId=728076,89,/dieng-kulong/maps/dieng-kulong-id.html,Dieng Kulong,583553
https://www.agoda.com/api/cronos/geo/NeighborHoods?pageTypeId=5&objectId=161737,68,/north-purwokerto/maps/purwokerto-id.html,North Purwokerto,513162
https://www.agoda.com/api/cronos/geo/NeighborHoods?pageTypeId=5&objectId=161737,20,/baturaden/maps/purwokerto-id.html,Baturaden,158578
https://www.agoda.com/api/cronos/geo/NeighborHoods?pageTypeId=5&objectId=161737,19,/south-purwokerto/maps/purwokerto-id.html,South Purwokerto,513164
https://www.agoda.com/api/cronos/geo/NeighborHoods?pageTypeId=5&objectId=161737,8,/sokaraja/maps/purwokerto-id.html,Sokaraja,513163
https://www.agoda.com/api/cronos/geo/NeighborHoods?pageTypeId=5&objectId=513512,75,/wonosobo/maps/wonosobo-id.html,Wonosobo,484350
https://www.agoda.com/api/cronos/geo/NeighborHoods?pageTypeId=5&objectId=513226,75,/karimunjawa/maps/karimunjawa-id.html,Karimunjawa,495150
https://www.agoda.com/api/cronos/geo/NeighborHoods?pageTypeId=5&objectId=671622,16,/kuwasen/maps/jepara-id.html,Kuwasen,535156
https://www.agoda.com/api/cronos/geo/NeighborHoods?pageTypeId=5&objectId=671622,15,/bulu/maps/jepara-id.html,Bulu,535150
https://www.agoda.com/api/cronos/geo/NeighborHoods?pageTypeId=5&objectId=671622,12,/kauman/maps/jepara-id.html,Kauman,535151
https://www.agoda.com/api/cronos/geo/NeighborHoods?pageTypeId=5&objectId=671622,4,/bandengan/maps/jepara-id.html,Bandengan,535155
https://www.agoda.com/api/cronos/geo/NeighborHoods?pageTypeId=5&objectId=671622,2,/mulyoharjo/maps/jepara-id.html,Mulyoharjo,535152
https://www.agoda.com/api/cronos/geo/NeighborHoods?pageTypeId=5&objectId=671622,2,/pengkol/maps/jepara-id.html,Pengkol,535153
https://www.agoda.com/api/cronos/geo/NeighborHoods?pageTypeId=5&objectId=161718,36,/cilacap/maps/cilacap-id.html,Cilacap,158559
https://www.agoda.com/api/cronos/geo/NeighborHoods?pageTypeId=5&objectId=106070,20,/sidorejo/maps/salatiga-id.html,Sidorejo,535146
https://www.agoda.com/api/cronos/geo/NeighborHoods?pageTypeId=5&objectId=106070,17,/sidomukti/maps/salatiga-id.html,Sidomukti,535145
https://www.agoda.com/api/cronos/geo/NeighborHoods?pageTypeId=5&objectId=106070,9,/argomulyo/maps/salatiga-id.html,Argomulyo,535143
https://www.agoda.com/api/cronos/geo/NeighborHoods?pageTypeId=5&objectId=106070,3,/tingkir/maps/salatiga-id.html,Tingkir,535144
https://www.agoda.com/api/cronos/geo/NeighborHoods?pageTypeId=5&objectId=161741,49,/tegal/maps/tegal-id.html,Tegal,108941
https://www.agoda.com/api/cronos/geo/NeighborHoods?pageTypeId=5&objectId=106079,18,/west-pekalongan/maps/pekalongan-id.html,West Pekalongan,94632
https://www.agoda.com/api/cronos/geo/NeighborHoods?pageTypeId=5&objectId=106079,8,/east-pekalongan/maps/pekalongan-id.html,East Pekalongan,513165
https://www.agoda.com/api/cronos/geo/NeighborHoods?pageTypeId=5&objectId=705325,24,/kebumen/maps/kebumen-id.html,Kebumen,506655
https://www.agoda.com/api/cronos/geo/NeighborHoods?pageTypeId=5&objectId=5152,451,/south-bekasi/maps/bekasi-id.html,South Bekasi,513158
https://www.agoda.com/api/cronos/geo/NeighborHoods?pageTypeId=5&objectId=5152,181,/north-bekasi/maps/bekasi-id.html,North Bekasi,57577
https://www.agoda.com/api/cronos/geo/NeighborHoods?pageTypeId=5&objectId=5152,60,/east-bekasi/maps/bekasi-id.html,East Bekasi,513159
https://www.agoda.com/api/cronos/geo/NeighborHoods?pageTypeId=5&objectId=5152,15,/tambun-selatan/maps/bekasi-id.html,Tambun Selatan,568670
https://www.agoda.com/api/cronos/geo/NeighborHoods?pageTypeId=5&objectId=18943,643,/bandung-city-center/maps/bandung-id.html,Bandung City Center,94130
https://www.agoda.com/api/cronos/geo/NeighborHoods?pageTypeId=5&objectId=18943,356,/lembang/maps/bandung-id.html,Lembang,80653
https://www.agoda.com/api/cronos/geo/NeighborHoods?pageTypeId=5&objectId=18943,333,/cihampelas/maps/bandung-id.html,Cihampelas,94131
https://www.agoda.com/api/cronos/geo/NeighborHoods?pageTypeId=5&objectId=18943,286,/dago/maps/bandung-id.html,Dago,47776
https://www.agoda.com/api/cronos/geo/NeighborHoods?pageTypeId=5&objectId=18943,234,/kiaracondong/maps/bandung-id.html,Kiaracondong,519639
https://www.agoda.com/api/cronos/geo/NeighborHoods?pageTypeId=5&objectId=18943,229,/ciumbuleuit/maps/bandung-id.html,Ciumbuleuit,94129
https://www.agoda.com/api/cronos/geo/NeighborHoods?pageTypeId=5&objectId=18943,200,/cibiru/maps/bandung-id.html,Cibiru,502097
https://www.agoda.com/api/cronos/geo/NeighborHoods?pageTypeId=5&objectId=18943,196,/riau/maps/bandung-id.html,Riau,502094
https://www.agoda.com/api/cronos/geo/NeighborHoods?pageTypeId=5&objectId=18943,180,/bandung-airport/maps/bandung-id.html,Bandung Airport,47673
https://www.agoda.com/api/cronos/geo/NeighborHoods?pageTypeId=5&objectId=18943,180,/pasteur/maps/bandung-id.html,Pasteur,47775
https://www.agoda.com/api/cronos/geo/NeighborHoods?pageTypeId=5&objectId=18943,146,/setiabudi/maps/bandung-id.html,Setiabudi,47774
https://www.agoda.com/api/cronos/geo/NeighborHoods?pageTypeId=5&objectId=512948,665,/cipanas/maps/puncak-id.html,Cipanas,484307
https://www.agoda.com/api/cronos/geo/NeighborHoods?pageTypeId=5&objectId=512948,262,/cisarua/maps/puncak-id.html,Cisarua,484305
https://www.agoda.com/api/cronos/geo/NeighborHoods?pageTypeId=5&objectId=512948,130,/puncak-pass/maps/puncak-id.html,Puncak Pass,484306
https://www.agoda.com/api/cronos/geo/NeighborHoods?pageTypeId=5&objectId=512948,126,/megamendung/maps/puncak-id.html,Megamendung,511155
https://www.agoda.com/api/cronos/geo/NeighborHoods?pageTypeId=5&objectId=512948,59,/cianjur/maps/puncak-id.html,Cianjur,511156
https://www.agoda.com/api/cronos/geo/NeighborHoods?pageTypeId=5&objectId=18943,115,/sukajadi/maps/bandung-id.html,Sukajadi,94132
https://www.agoda.com/api/cronos/geo/NeighborHoods?pageTypeId=5&objectId=18943,87,/buahbatu/maps/bandung-id.html,Buahbatu,502088
https://www.agoda.com/api/cronos/geo/NeighborHoods?pageTypeId=5&objectId=18943,76,/dago-atas/maps/bandung-id.html,Dago Atas,484074
https://www.agoda.com/api/cronos/geo/NeighborHoods?pageTypeId=5&objectId=18943,63,/ciwidey/maps/bandung-id.html,Ciwidey,502662
https://www.agoda.com/api/cronos/geo/NeighborHoods?pageTypeId=5&objectId=18943,52,/subang/maps/bandung-id.html,Subang,502683
https://www.agoda.com/api/cronos/geo/NeighborHoods?pageTypeId=5&objectId=18943,48,/cimahi-utara/maps/bandung-id.html,Cimahi Utara,484468
https://www.agoda.com/api/cronos/geo/NeighborHoods?pageTypeId=5&objectId=18943,48,/soekarno-hatta-bypass/maps/bandung-id.html,Soekarno Hatta Bypass,80532
https://www.agoda.com/api/cronos/geo/NeighborHoods?pageTypeId=5&objectId=18943,37,/cimahi-selatan/maps/bandung-id.html,Cimahi Selatan,484469
https://www.agoda.com/api/cronos/geo/NeighborHoods?pageTypeId=5&objectId=18943,26,/cimenyan/maps/bandung-id.html,Cimenyan,514773
https://www.agoda.com/api/cronos/geo/NeighborHoods?pageTypeId=5&objectId=18943,25,/sekeloa/maps/bandung-id.html,Sekeloa,519641
https://www.agoda.com/api/cronos/geo/NeighborHoods?pageTypeId=5&objectId=18943,16,/sekejati/maps/bandung-id.html,Sekejati,519640
https://www.agoda.com/api/cronos/geo/NeighborHoods?pageTypeId=5&objectId=18943,15,/gegerkalong/maps/bandung-id.html,Gegerkalong,519638
https://www.agoda.com/api/cronos/geo/NeighborHoods?pageTypeId=5&objectId=18943,14,/soreang/maps/bandung-id.html,Soreang,496429
https://www.agoda.com/api/cronos/geo/NeighborHoods?pageTypeId=5&objectId=18943,9,/bojongsoang/maps/bandung-id.html,Bojongsoang,583544
https://www.agoda.com/api/cronos/geo/NeighborHoods?pageTypeId=5&objectId=18943,6,/padalarang/maps/bandung-id.html,Padalarang,80574
https://www.agoda.com/api/cronos/geo/NeighborHoods?pageTypeId=5&objectId=18943,2,/unjung-berung/maps/bandung-id.html,Unjung Berung,519642
https://www.agoda.com/api/cronos/geo/NeighborHoods?pageTypeId=5&objectId=18943,2,/citeureup/maps/bandung-id.html,Citeureup,519637
https://www.agoda.com/api/cronos/geo/NeighborHoods?pageTypeId=5&objectId=21740,93,/tanah-sereal/maps/bogor-id.html,Tanah Sereal,484260
https://www.agoda.com/api/cronos/geo/NeighborHoods?pageTypeId=5&objectId=21740,83,/sentul/maps/bogor-id.html,Sentul,484611
https://www.agoda.com/api/cronos/geo/NeighborHoods?pageTypeId=5&objectId=21740,64,/north-bogor/maps/bogor-id.html,North Bogor,484261
https://www.agoda.com/api/cronos/geo/NeighborHoods?pageTypeId=5&objectId=21740,58,/city-center/maps/bogor-id.html,City Center,484263
https://www.agoda.com/api/cronos/geo/NeighborHoods?pageTypeId=5&objectId=21740,56,/east-bogor/maps/bogor-id.html,East Bogor,510433
https://www.agoda.com/api/cronos/geo/NeighborHoods?pageTypeId=5&objectId=21740,38,/bogor-selatan/maps/bogor-id.html,Bogor Selatan,484255
https://www.agoda.com/api/cronos/geo/NeighborHoods?pageTypeId=5&objectId=21740,38,/taman-sari/maps/bogor-id.html,Taman Sari,510434
https://www.agoda.com/api/cronos/geo/NeighborHoods?pageTypeId=5&objectId=21740,31,/rancamaya/maps/bogor-id.html,Rancamaya,484250
https://www.agoda.com/api/cronos/geo/NeighborHoods?pageTypeId=5&objectId=21740,19,/dramaga/maps/bogor-id.html,Dramaga,509303
https://www.agoda.com/api/cronos/geo/NeighborHoods?pageTypeId=5&objectId=21740,18,/ciawi/maps/bogor-id.html,Ciawi,509301
https://www.agoda.com/api/cronos/geo/NeighborHoods?pageTypeId=5&objectId=21740,13,/caringin/maps/bogor-id.html,Caringin,484609
https://www.agoda.com/api/cronos/geo/NeighborHoods?pageTypeId=5&objectId=21740,13,/ciomas/maps/bogor-id.html,Ciomas,509302
https://www.agoda.com/api/cronos/geo/NeighborHoods?pageTypeId=5&objectId=21740,13,/sukaraja/maps/bogor-id.html,Sukaraja,509304
https://www.agoda.com/api/cronos/geo/NeighborHoods?pageTypeId=5&objectId=21740,10,/puncak/maps/bogor-id.html,Puncak,80663
https://www.agoda.com/api/cronos/geo/NeighborHoods?pageTypeId=5&objectId=21740,10,/danau-lido/maps/bogor-id.html,Danau Lido,484610
https://www.agoda.com/api/cronos/geo/NeighborHoods?pageTypeId=5&objectId=21740,6,/cibadak/maps/bogor-id.html,Cibadak,484251
https://www.agoda.com/api/cronos/geo/NeighborHoods?pageTypeId=5&objectId=21740,5,/batutulis/maps/bogor-id.html,Batutulis,509300
https://www.agoda.com/api/cronos/geo/NeighborHoods?pageTypeId=5&objectId=161893,404,/beji/maps/depok-id.html,Beji,535159
https://www.agoda.com/api/cronos/geo/NeighborHoods?pageTypeId=5&objectId=161893,59,/depok/maps/depok-id.html,Depok,221237
https://www.agoda.com/api/cronos/geo/NeighborHoods?pageTypeId=5&objectId=161893,24,/limo/maps/depok-id.html,Limo,535158
https://www.agoda.com/api/cronos/geo/NeighborHoods?pageTypeId=5&objectId=161893,16,/sukmajaya/maps/depok-id.html,Sukmajaya,535157
https://www.agoda.com/api/cronos/geo/NeighborHoods?pageTypeId=5&objectId=161657,168,/deltamas/maps/cikarang-id.html,Deltamas,549181
https://www.agoda.com/api/cronos/geo/NeighborHoods?pageTypeId=5&objectId=161657,145,/cikarang-utara/maps/cikarang-id.html,Cikarang Utara,549180
https://www.agoda.com/api/cronos/geo/NeighborHoods?pageTypeId=5&objectId=19623,73,/kejaksan/maps/cirebon-id.html,Kejaksan,31401
https://www.agoda.com/api/cronos/geo/NeighborHoods?pageTypeId=5&objectId=19623,70,/kesambi/maps/cirebon-id.html,Kesambi,512969
https://www.agoda.com/api/cronos/geo/NeighborHoods?pageTypeId=5&objectId=19623,37,/kedawung/maps/cirebon-id.html,Kedawung,512968
https://www.agoda.com/api/cronos/geo/NeighborHoods?pageTypeId=5&objectId=19623,5,/lemahwungkuk/maps/cirebon-id.html,Lemahwungkuk,512970
https://www.agoda.com/api/cronos/geo/NeighborHoods?pageTypeId=5&objectId=21740,3,/situ-gede/maps/bogor-id.html,Situ Gede,484252
https://www.agoda.com/api/cronos/geo/NeighborHoods?pageTypeId=5&objectId=21740,2,/asia/indonesia/bogor/maps/baranang_siang.html,Baranang Siang,484264
https://www.agoda.com/api/cronos/geo/NeighborHoods?pageTypeId=5&objectId=21740,2,/baranang-siang/maps/bogor-id.html,Baranang Siang,484264
https://www.agoda.com/api/cronos/geo/NeighborHoods?pageTypeId=5&objectId=106056,99,/pantai-barat/maps/pangandaran-id.html,Pantai Barat,94465
https://www.agoda.com/api/cronos/geo/NeighborHoods?pageTypeId=5&objectId=106056,40,/batu-karas/maps/pangandaran-id.html,Batu Karas,495980
https://www.agoda.com/api/cronos/geo/NeighborHoods?pageTypeId=5&objectId=106056,19,/pantai-timur/maps/pangandaran-id.html,Pantai Timur,94466
https://www.agoda.com/api/cronos/geo/NeighborHoods?pageTypeId=5&objectId=161814,105,/east-telukjambe/maps/karawang-id.html,East Telukjambe,535113
https://www.agoda.com/api/cronos/geo/NeighborHoods?pageTypeId=5&objectId=161814,19,/west-karawang/maps/karawang-id.html,West Karawang,535111
https://www.agoda.com/api/cronos/geo/NeighborHoods?pageTypeId=5&objectId=161814,3,/karawang/maps/karawang-id.html,Karawang,94854
https://www.agoda.com/api/cronos/geo/NeighborHoods?pageTypeId=5&objectId=161814,3,/kutamekar/maps/karawang-id.html,Kutamekar,567602
https://www.agoda.com/api/cronos/geo/NeighborHoods?pageTypeId=5&objectId=161814,2,/cikampek/maps/karawang-id.html,Cikampek,535114
https://www.agoda.com/api/cronos/geo/NeighborHoods?pageTypeId=5&objectId=161814,1,/klari/maps/karawang-id.html,Klari,535115
https://www.agoda.com/api/cronos/geo/NeighborHoods?pageTypeId=5&objectId=214880,101,/pelabuhan-ratu-beach/maps/pelabuhan-ratu-id.html,Pelabuhan Ratu Beach,94948
https://www.agoda.com/api/cronos/geo/NeighborHoods?pageTypeId=5&objectId=106057,41,/garut-city/maps/garut-id.html,Garut City,94467
https://www.agoda.com/api/cronos/geo/NeighborHoods?pageTypeId=5&objectId=106057,28,/pasirwangi-sampireun/maps/garut-id.html,Pasirwangi Sampireun,94885
https://www.agoda.com/api/cronos/geo/NeighborHoods?pageTypeId=5&objectId=106057,17,/cipanas/maps/garut-id.html,Cipanas,94468
https://www.agoda.com/api/cronos/geo/NeighborHoods?pageTypeId=5&objectId=106057,7,/samarang/maps/garut-id.html,Samarang,94886
https://www.agoda.com/api/cronos/geo/NeighborHoods?pageTypeId=5&objectId=106057,4,/kamojang-chevron/maps/garut-id.html,Kamojang - Chevron,94470
https://www.agoda.com/api/cronos/geo/NeighborHoods?pageTypeId=5&objectId=256223,41,/tasikmalaya/maps/tasikmalaya-id.html,Tasikmalaya,244341
https://www.agoda.com/api/cronos/geo/NeighborHoods?pageTypeId=5&objectId=256223,17,/cihideung/maps/tasikmalaya-id.html,Cihideung,568664
https://www.agoda.com/api/cronos/geo/NeighborHoods?pageTypeId=5&objectId=12820,57,/sukabumi/maps/sukabumi-id.html,Sukabumi,378398
https://www.agoda.com/api/cronos/geo/NeighborHoods?pageTypeId=5&objectId=12820,6,/cicantayan/maps/sukabumi-id.html,Cicantayan,535134
https://www.agoda.com/api/cronos/geo/NeighborHoods?pageTypeId=5&objectId=12820,4,/sudajaya-girang/maps/sukabumi-id.html,Sudajaya Girang,590217
https://www.agoda.com/api/cronos/geo/NeighborHoods?pageTypeId=5&objectId=14472,28,/purwakarta/maps/purwakarta-id.html,Purwakarta,27992
https://www.agoda.com/api/cronos/geo/NeighborHoods?pageTypeId=5&objectId=14472,5,/bungursari/maps/purwakarta-id.html,Bungursari,568663
https://www.agoda.com/api/cronos/geo/NeighborHoods?pageTypeId=5&objectId=734769,1,/seloliman/maps/seloliman-id.html,Seloliman,590249
https://www.agoda.com/api/cronos/geo/NeighborHoods?pageTypeId=5&objectId=734760,1,/grajagan/maps/grajagan-id.html,Grajagan,590237
https://www.agoda.com/api/cronos/geo/NeighborHoods?pageTypeId=5&objectId=19436,32,/tanjungpinang/maps/bintan-island-id.html,Tanjungpinang,95057
https://www.agoda.com/api/cronos/geo/NeighborHoods?pageTypeId=5&objectId=19436,22,/lagoi/maps/bintan-island-id.html,Lagoi,36768
https://www.agoda.com/api/cronos/geo/NeighborHoods?pageTypeId=5&objectId=19436,20,/trikora-beach/maps/bintan-island-id.html,Trikora Beach,502546
https://www.agoda.com/api/cronos/geo/NeighborHoods?pageTypeId=5&objectId=19436,2,/north-bintan/maps/bintan-island-id.html,North Bintan,61218
https://www.agoda.com/api/cronos/geo/NeighborHoods?pageTypeId=5&objectId=19436,2,/gunung-kijang/maps/bintan-island-id.html,Gunung Kijang,597383
https://www.agoda.com/api/cronos/geo/NeighborHoods?pageTypeId=5&objectId=19392,301,/nagoya/maps/batam-island-id.html,Nagoya,80507
https://www.agoda.com/api/cronos/geo/NeighborHoods?pageTypeId=5&objectId=19392,159,/batam-center/maps/batam-island-id.html,Batam Center,57625
https://www.agoda.com/api/cronos/geo/NeighborHoods?pageTypeId=5&objectId=19392,89,/batu-ampar/maps/batam-island-id.html,Batu Ampar,30606
https://www.agoda.com/api/cronos/geo/NeighborHoods?pageTypeId=5&objectId=19392,41,/barelang/maps/batam-island-id.html,Barelang,94630
https://www.agoda.com/api/cronos/geo/NeighborHoods?pageTypeId=5&objectId=19392,22,/belian/maps/batam-island-id.html,Belian,567593
https://www.agoda.com/api/cronos/geo/NeighborHoods?pageTypeId=5&objectId=19392,16,/sekupang/maps/batam-island-id.html,Sekupang,94629
https://www.agoda.com/api/cronos/geo/NeighborHoods?pageTypeId=5&objectId=19392,13,/nongsa/maps/batam-island-id.html,Nongsa,94628
https://www.agoda.com/api/cronos/geo/NeighborHoods?pageTypeId=5&objectId=19392,1,/muka-kuning/maps/batam-island-id.html,Muka Kuning,519643
https://www.agoda.com/api/cronos/geo/NeighborHoods?pageTypeId=5&objectId=19392,1,/batu-aji/maps/batam-island-id.html,Batu Aji,548817
https://www.agoda.com/api/cronos/geo/NeighborHoods?pageTypeId=5&objectId=705347,13,/tanjung-balai-karimun/maps/tanjung-balai-karimun-id.html,Tanjung Balai Karimun,506677
https://www.agoda.com/api/cronos/geo/NeighborHoods?pageTypeId=5&objectId=734803,3,/toapaya-asri/maps/toapaya-asri-id.html,Toapaya Asri,590292
https://www.agoda.com/api/cronos/geo/NeighborHoods?pageTypeId=5&objectId=734800,2,/sembulang/maps/sembulang-id.html,Sembulang,590289
https://www.agoda.com/api/cronos/geo/NeighborHoods?pageTypeId=5&objectId=734802,1,/sebong-lagoi/maps/sebong-lagoi-id.html,Sebong Lagoi,590291
https://www.agoda.com/api/cronos/geo/NeighborHoods?pageTypeId=5&objectId=734805,1,/kiabu/maps/kiabu-id.html,Kiabu,590295
https://www.agoda.com/api/cronos/geo/NeighborHoods?pageTypeId=5&objectId=292865,20,/kudus/maps/kudus-id.html,Kudus,281096
https://www.agoda.com/api/cronos/geo/NeighborHoods?pageTypeId=5&objectId=734762,1,/tepas/maps/tepas-id.html,Tepas,590239
https://www.agoda.com/api/cronos/geo/NeighborHoods?pageTypeId=5&objectId=706671,4,/tohkuning/maps/karanganyar-id.html,Tohkuning,590224
https://www.agoda.com/api/cronos/geo/NeighborHoods?pageTypeId=5&objectId=734758,1,/sarongan/maps/sarongan-id.html,Sarongan,590235
https://www.agoda.com/api/cronos/geo/NeighborHoods?pageTypeId=5&objectId=513611,12,/pati/maps/pati-id.html,Pati,484594
https://www.agoda.com/api/cronos/geo/NeighborHoods?pageTypeId=5&objectId=246860,16,/cepu/maps/cepu-id.html,Cepu,95019
https://www.agoda.com/api/cronos/geo/NeighborHoods?pageTypeId=5&objectId=513358,10,/banjarnegara/maps/banjarnegara-id.html,Banjarnegara,495579
https://www.agoda.com/api/cronos/geo/NeighborHoods?pageTypeId=5&objectId=706222,9,/rembang/maps/rembang-id.html,Rembang,507627
https://www.agoda.com/api/cronos/geo/NeighborHoods?pageTypeId=5&objectId=390118,6,/purwodadi/maps/purwodadi-id.html,Purwodadi,378395
https://www.agoda.com/api/cronos/geo/NeighborHoods?pageTypeId=5&objectId=513061,6,/pemalang/maps/pemalang-id.html,Pemalang,484371
https://www.agoda.com/api/cronos/geo/NeighborHoods?pageTypeId=5&objectId=734756,5,/rejosari/maps/rejosari-id.html,Rejosari,590231
https://www.agoda.com/api/cronos/geo/NeighborHoods?pageTypeId=5&objectId=728075,4,/slawi/maps/slawi-id.html,Slawi,583552
https://www.agoda.com/api/cronos/geo/NeighborHoods?pageTypeId=5&objectId=719284,17,/cicadas/maps/gunung-putri-id.html,Cicadas,597401
https://www.agoda.com/api/cronos/geo/NeighborHoods?pageTypeId=5&objectId=719284,5,/nagrak/maps/gunung-putri-id.html,Nagrak,567611
https://www.agoda.com/api/cronos/geo/NeighborHoods?pageTypeId=5&objectId=719284,3,/wanaherang/maps/gunung-putri-id.html,Wanaherang,597399
https://www.agoda.com/api/cronos/geo/NeighborHoods?pageTypeId=5&objectId=719284,2,/ciangsana/maps/gunung-putri-id.html,Ciangsana,597398
https://www.agoda.com/api/cronos/geo/NeighborHoods?pageTypeId=5&objectId=719284,2,/bojong-nangka/maps/gunung-putri-id.html,Bojong Nangka,597402
https://www.agoda.com/api/cronos/geo/NeighborHoods?pageTypeId=5&objectId=161831,24,/kuningan/maps/kuningan-id.html,Kuningan,158620
https://www.agoda.com/api/cronos/geo/NeighborHoods?pageTypeId=5&objectId=512877,12,/ciamis/maps/ciamis-id.html,Ciamis,483717
https://www.agoda.com/api/cronos/geo/NeighborHoods?pageTypeId=5&objectId=719283,9,/panawuan/maps/panawuan-id.html,Panawuan,567610
https://www.agoda.com/api/cronos/geo/NeighborHoods?pageTypeId=5&objectId=719283,1,/sangkanmulya/maps/panawuan-id.html,Sangkanmulya,590213
https://www.agoda.com/api/cronos/geo/NeighborHoods?pageTypeId=5&objectId=161804,10,/indramayu/maps/indramayu-id.html,Indramayu,108977
https://www.agoda.com/api/cronos/geo/NeighborHoods?pageTypeId=5&objectId=669520,7,/ujung-genteng/maps/ujung-genteng-id.html,Ujung Genteng,493827
https://www.agoda.com/api/cronos/geo/NeighborHoods?pageTypeId=5&objectId=734736,9,/cibeureum/maps/cibeureum-id.html,Cibeureum,590334
https://www.agoda.com/api/cronos/geo/NeighborHoods?pageTypeId=5&objectId=161644,3,/cinere/maps/bulak-id.html,Cinere,590342
https://www.agoda.com/api/cronos/geo/NeighborHoods?pageTypeId=5&objectId=19622,99,/guguk-panjang/maps/bukittinggi-id.html,Guguk Panjang,31400
https://www.agoda.com/api/cronos/geo/NeighborHoods?pageTypeId=5&objectId=19622,39,/mandiangin-koto-selayan/maps/bukittinggi-id.html,Mandiangin Koto Selayan,513161
https://www.agoda.com/api/cronos/geo/NeighborHoods?pageTypeId=5&objectId=19622,9,/banuhampu/maps/bukittinggi-id.html,Banuhampu,583545
https://www.agoda.com/api/cronos/geo/NeighborHoods?pageTypeId=5&objectId=19622,8,/padang-panjang/maps/bukittinggi-id.html,Padang Panjang,499724
https://www.agoda.com/api/cronos/geo/NeighborHoods?pageTypeId=5&objectId=19622,1,/sepuluh-koto/maps/bukittinggi-id.html,Sepuluh Koto,567595
https://www.agoda.com/api/cronos/geo/NeighborHoods?pageTypeId=5&objectId=18881,104,/padang-barat/maps/padang-id.html,Padang Barat,57627
https://www.agoda.com/api/cronos/geo/NeighborHoods?pageTypeId=5&objectId=18881,41,/padang-utara/maps/padang-id.html,Padang Utara,57623
https://www.agoda.com/api/cronos/geo/NeighborHoods?pageTypeId=5&objectId=18881,22,/padang-timur/maps/padang-id.html,Padang Timur,29714
https://www.agoda.com/api/cronos/geo/NeighborHoods?pageTypeId=5&objectId=512984,20,/sipora/maps/mentawai-island-id.html,Sipora,483664
https://www.agoda.com/api/cronos/geo/NeighborHoods?pageTypeId=5&objectId=734919,16,/tarantang/maps/tarantang-id.html,Tarantang,590414
https://www.agoda.com/api/cronos/geo/NeighborHoods?pageTypeId=5&objectId=734920,12,/kasang/maps/kasang-id.html,Kasang,590416
https://www.agoda.com/api/cronos/geo/NeighborHoods?pageTypeId=5&objectId=710652,1,/matua-mudik/maps/maninjau-id.html,Matua Mudik,590409
https://www.agoda.com/api/cronos/geo/NeighborHoods?pageTypeId=5&objectId=734916,5,/katurai/maps/katurai-id.html,Katurai,590411
https://www.agoda.com/api/cronos/geo/NeighborHoods?pageTypeId=5&objectId=161889,2,/teluk-kabung-selatan/maps/sigunturmuda-id.html,Teluk Kabung Selatan,590415
https://www.agoda.com/api/cronos/geo/NeighborHoods?pageTypeId=5&objectId=161889,1,/sungai-pinang/maps/sigunturmuda-id.html,Sungai Pinang,590419
https://www.agoda.com/api/cronos/geo/NeighborHoods?pageTypeId=5&objectId=734918,3,/sarilamak/maps/sarilamak-id.html,Sarilamak,590413
https://www.agoda.com/api/cronos/geo/NeighborHoods?pageTypeId=5&objectId=734944,1,/cudabak/maps/cudabak-id.html,Cudabak,590502
https://www.agoda.com/api/cronos/geo/NeighborHoods?pageTypeId=5&objectId=669527,41,/ende/maps/ende-id.html,Ende,493840
https://www.agoda.com/api/cronos/geo/NeighborHoods?pageTypeId=5&objectId=669527,13,/bajawa/maps/ende-id.html,Bajawa,495726
https://www.agoda.com/api/cronos/geo/NeighborHoods?pageTypeId=5&objectId=105999,18,/kelapa-lima/maps/kupang-id.html,Kelapa Lima,568667
https://www.agoda.com/api/cronos/geo/NeighborHoods?pageTypeId=5&objectId=105999,8,/pasir-panjang/maps/kupang-id.html,Pasir Panjang,566899
https://www.agoda.com/api/cronos/geo/NeighborHoods?pageTypeId=5&objectId=105999,4,/tuak-daun-merah/maps/kupang-id.html,Tuak Daun Merah,590477
https://www.agoda.com/api/cronos/geo/NeighborHoods?pageTypeId=5&objectId=105999,2,/sabu-raijua/maps/kupang-id.html,Sabu Raijua,483885
https://www.agoda.com/api/cronos/geo/NeighborHoods?pageTypeId=5&objectId=734921,3,/lubuk-alung/maps/lubuk-alung-id.html,Lubuk Alung,590417
https://www.agoda.com/api/cronos/geo/NeighborHoods?pageTypeId=5&objectId=669526,163,/labuan-bajo/maps/labuan-bajo-id.html,Labuan Bajo,493839
https://www.agoda.com/api/cronos/geo/NeighborHoods?pageTypeId=5&objectId=669526,10,/macang-tanggar/maps/labuan-bajo-id.html,Macang Tanggar,590479
https://www.agoda.com/api/cronos/geo/NeighborHoods?pageTypeId=5&objectId=702150,18,/ruteng/maps/ruteng-id.html,Ruteng,502660
https://www.agoda.com/api/cronos/geo/NeighborHoods?pageTypeId=5&objectId=719582,14,/goron-talo/maps/goron-talo-id.html,Goron Talo,568666
https://www.agoda.com/api/cronos/geo/NeighborHoods?pageTypeId=5&objectId=18976,11,/maumere/maps/flores-id.html,Maumere,482568
https://www.agoda.com/api/cronos/geo/NeighborHoods?pageTypeId=5&objectId=734852,5,/nangamese/maps/nangamese-id.html,Nangamese,590482
https://www.agoda.com/api/cronos/geo/NeighborHoods?pageTypeId=5&objectId=734855,7,/nemberala/maps/nemberala-id.html,Nemberala,590485
https://www.agoda.com/api/cronos/geo/NeighborHoods?pageTypeId=5&objectId=734854,5,/boa/maps/boa-id.html,Boa,590484
https://www.agoda.com/api/cronos/geo/NeighborHoods?pageTypeId=5&objectId=709112,1,/kambajawa/maps/waingapu-id.html,Kambajawa,590494
https://www.agoda.com/api/cronos/geo/NeighborHoods?pageTypeId=5&objectId=728077,6,/waigete/maps/waigete-id.html,Waigete,583554
https://www.agoda.com/api/cronos/geo/NeighborHoods?pageTypeId=5&objectId=734856,5,/oenggaut/maps/oenggaut-id.html,Oenggaut,590486
https://www.agoda.com/api/cronos/geo/NeighborHoods?pageTypeId=5&objectId=734847,3,/alor-besar/maps/alor-besar-id.html,Alor Besar,590475
https://www.agoda.com/api/cronos/geo/NeighborHoods?pageTypeId=5&objectId=671803,2,/radamata/maps/tambolaka-id.html,Radamata,590491
https://www.agoda.com/api/cronos/geo/NeighborHoods?pageTypeId=5&objectId=671803,1,/ramma-dana/maps/tambolaka-id.html,Ramma Dana,590492
https://www.agoda.com/api/cronos/geo/NeighborHoods?pageTypeId=5&objectId=710839,5,/batu-putih-bawah/maps/rinondoran-id.html,Batu Putih  Bawah,590398
https://www.agoda.com/api/cronos/geo/NeighborHoods?pageTypeId=5&objectId=19438,122,/wenang/maps/manado-id.html,Wenang,47777
https://www.agoda.com/api/cronos/geo/NeighborHoods?pageTypeId=5&objectId=19438,57,/malalayang/maps/manado-id.html,Malalayang,493749
https://www.agoda.com/api/cronos/geo/NeighborHoods?pageTypeId=5&objectId=19438,31,/bunaken-island/maps/manado-id.html,Bunaken Island,481427
https://www.agoda.com/api/cronos/geo/NeighborHoods?pageTypeId=5&objectId=19438,20,/tomohon/maps/manado-id.html,Tomohon,483964
https://www.agoda.com/api/cronos/geo/NeighborHoods?pageTypeId=5&objectId=19438,16,/wanea/maps/manado-id.html,Wanea,512973
https://www.agoda.com/api/cronos/geo/NeighborHoods?pageTypeId=5&objectId=19438,14,/tikala/maps/manado-id.html,Tikala,512972
https://www.agoda.com/api/cronos/geo/NeighborHoods?pageTypeId=5&objectId=19438,11,/minahasa-beach/maps/manado-id.html,Minahasa Beach,94151
https://www.agoda.com/api/cronos/geo/NeighborHoods?pageTypeId=5&objectId=19438,10,/samratulangi-airport/maps/manado-id.html,Samratulangi Airport,94152
https://www.agoda.com/api/cronos/geo/NeighborHoods?pageTypeId=5&objectId=19438,9,/mapanget/maps/manado-id.html,Mapanget,493752
https://www.agoda.com/api/cronos/geo/NeighborHoods?pageTypeId=5&objectId=19438,8,/singkil/maps/manado-id.html,Singkil,512971
https://www.agoda.com/api/cronos/geo/NeighborHoods?pageTypeId=5&objectId=19438,7,/pulau-bangka/maps/manado-id.html,Pulau Bangka,495893
https://www.agoda.com/api/cronos/geo/NeighborHoods?pageTypeId=5&objectId=19438,5,/tongkeina/maps/manado-id.html,Tongkeina,515168
https://www.agoda.com/api/cronos/geo/NeighborHoods?pageTypeId=5&objectId=19438,2,/serai/maps/manado-id.html,Serai,514772
https://www.agoda.com/api/cronos/geo/NeighborHoods?pageTypeId=5&objectId=19438,2,/wori/maps/manado-id.html,Wori,94154
https://www.agoda.com/api/cronos/geo/NeighborHoods?pageTypeId=5&objectId=19438,1,/gangga-satu/maps/manado-id.html,Gangga Satu,567594
https://www.agoda.com/api/cronos/geo/NeighborHoods?pageTypeId=5&objectId=669494,47,/bitung/maps/bitung-id.html,Bitung,493748
https://www.agoda.com/api/cronos/geo/NeighborHoods?pageTypeId=5&objectId=669494,8,/lembeh-island/maps/bitung-id.html,Lembeh Island,583550
https://www.agoda.com/api/cronos/geo/NeighborHoods?pageTypeId=5&objectId=669494,3,/makawidey/maps/bitung-id.html,Makawidey,596879
https://www.agoda.com/api/cronos/geo/NeighborHoods?pageTypeId=5&objectId=734907,2,/pondang/maps/pondang-id.html,Pondang,590401
https://www.agoda.com/api/cronos/geo/NeighborHoods?pageTypeId=5&objectId=734908,2,/kalinaun/maps/kalinaun-id.html,Kalinaun,590402
https://www.agoda.com/api/cronos/geo/NeighborHoods?pageTypeId=5&objectId=736926,1,/likupang/maps/likupang-id.html,Likupang,596878
https://www.agoda.com/api/cronos/geo/NeighborHoods?pageTypeId=5&objectId=734943,1,/tarorane/maps/tarorane-id.html,Tarorane,590501
https://www.agoda.com/api/cronos/geo/NeighborHoods?pageTypeId=5&objectId=734906,1,/hutan/maps/hutan-id.html,Hutan,590400
https://www.agoda.com/api/cronos/geo/NeighborHoods?pageTypeId=5&objectId=23732,382,/makassar-city-center/maps/makassar-id.html,Makassar City Center,36706
https://www.agoda.com/api/cronos/geo/NeighborHoods?pageTypeId=5&objectId=23732,208,/panakkukang/maps/makassar-id.html,Panakkukang,94236
https://www.agoda.com/api/cronos/geo/NeighborHoods?pageTypeId=5&objectId=23732,59,/biringkanaya/maps/makassar-id.html,Biringkanaya,493755
https://www.agoda.com/api/cronos/geo/NeighborHoods?pageTypeId=5&objectId=23732,34,/sultah-hassanudin-international-airport/maps/makassar-id.html,Sultah Hassanudin International Airport,493754
https://www.agoda.com/api/cronos/geo/NeighborHoods?pageTypeId=5&objectId=513025,29,/rantepao/maps/rantepao-id.html,Rantepao,495550
https://www.agoda.com/api/cronos/geo/NeighborHoods?pageTypeId=5&objectId=702284,33,/bira/maps/tanete-id.html,Bira,502569
https://www.agoda.com/api/cronos/geo/NeighborHoods?pageTypeId=5&objectId=702284,1,/pulau-liukanglu/maps/tanete-id.html,Pulau Liukanglu,594562
https://www.agoda.com/api/cronos/geo/NeighborHoods?pageTypeId=5&objectId=292837,9,/ujung/maps/parepare-id.html,Ujung,535482
https://www.agoda.com/api/cronos/geo/NeighborHoods?pageTypeId=5&objectId=292837,4,/bacukiki-barat/maps/parepare-id.html,Bacukiki Barat,535481
https://www.agoda.com/api/cronos/geo/NeighborHoods?pageTypeId=5&objectId=292837,4,/soreang/maps/parepare-id.html,Soreang,535483
https://www.agoda.com/api/cronos/geo/NeighborHoods?pageTypeId=5&objectId=734890,2,/bonto-lempangan/maps/bonto-lempangan-id.html,Bonto Lempangan,590379
https://www.agoda.com/api/cronos/geo/NeighborHoods?pageTypeId=5&objectId=734883,2,/kalegowa/maps/kalegowa-id.html,Kalegowa,590372
https://www.agoda.com/api/cronos/geo/NeighborHoods?pageTypeId=5&objectId=734889,2,/patikarya/maps/patikarya-id.html,Patikarya,590378
https://www.agoda.com/api/cronos/geo/NeighborHoods?pageTypeId=5&objectId=734886,2,/bontobangun/maps/bontobangun-id.html,Bontobangun,590375
https://www.agoda.com/api/cronos/geo/NeighborHoods?pageTypeId=5&objectId=734881,1,/macanang/maps/macanang-id.html,Macanang,590370
https://www.agoda.com/api/cronos/geo/NeighborHoods?pageTypeId=5&objectId=734882,1,/tanah-kongkong/maps/tanah-kongkong-id.html,Tanah Kongkong,590371
https://www.agoda.com/api/cronos/geo/NeighborHoods?pageTypeId=5&objectId=709813,2,/kasepuhan/maps/batang-id.html,Kasepuhan,566917
https://www.agoda.com/api/cronos/geo/NeighborHoods?pageTypeId=5&objectId=734746,2,/sumberejo/maps/sumberejo-id.html,Sumberejo,590218
https://www.agoda.com/api/cronos/geo/NeighborHoods?pageTypeId=5&objectId=734747,2,/samiran/maps/samiran-id.html,Samiran,590219
https://www.agoda.com/api/cronos/geo/NeighborHoods?pageTypeId=5&objectId=161720,1,/demak/maps/demak-id.html,Demak,158561
https://www.agoda.com/api/cronos/geo/NeighborHoods?pageTypeId=5&objectId=734752,1,/sudimoro/maps/sudimoro-id.html,Sudimoro,590227
https://www.agoda.com/api/cronos/geo/NeighborHoods?pageTypeId=5&objectId=734755,1,/karangturi/maps/karangturi-id.html,Karangturi,590230
https://www.agoda.com/api/cronos/geo/NeighborHoods?pageTypeId=5&objectId=734751,1,/banyubiru/maps/banyubiru-id.html,Banyubiru,590226
https://www.agoda.com/api/cronos/geo/NeighborHoods?pageTypeId=5&objectId=734743,3,/mancagahar/maps/mancagahar-id.html,Mancagahar,590211
https://www.agoda.com/api/cronos/geo/NeighborHoods?pageTypeId=5&objectId=734740,2,/songgom/maps/songgom-id.html,Songgom,590340
https://www.agoda.com/api/cronos/geo/NeighborHoods?pageTypeId=5&objectId=734739,1,/cikancana/maps/cikancana-id.html,Cikancana,590339
https://www.agoda.com/api/cronos/geo/NeighborHoods?pageTypeId=5&objectId=734738,1,/sukaresmi/maps/sukaresmi-id.html,Sukaresmi,590338
https://www.agoda.com/api/cronos/geo/NeighborHoods?pageTypeId=5&objectId=719782,1,/sukaresik/maps/sukaresik-id.html,Sukaresik,569294
https://www.agoda.com/api/cronos/geo/NeighborHoods?pageTypeId=5&objectId=734735,1,/segaramakmur/maps/segaramakmur-id.html,Segaramakmur,590332
https://www.agoda.com/api/cronos/geo/NeighborHoods?pageTypeId=5&objectId=734741,1,/cisurupan/maps/cisurupan-id.html,Cisurupan,590209
https://www.agoda.com/api/cronos/geo/NeighborHoods?pageTypeId=5&objectId=88776,109,/balikpapan-city-center/maps/balikpapan-id.html,Balikpapan City Center,70011
https://www.agoda.com/api/cronos/geo/NeighborHoods?pageTypeId=5&objectId=88776,63,/sepinggan-airport/maps/balikpapan-id.html,Sepinggan Airport,482263
https://www.agoda.com/api/cronos/geo/NeighborHoods?pageTypeId=5&objectId=88776,12,/gunung-samarinda/maps/balikpapan-id.html,Gunung Samarinda,590273
https://www.agoda.com/api/cronos/geo/NeighborHoods?pageTypeId=5&objectId=88776,10,/batu-ampar/maps/balikpapan-id.html,Batu Ampar,590272
https://www.agoda.com/api/cronos/geo/NeighborHoods?pageTypeId=5&objectId=88776,3,/sumber-rejo/maps/balikpapan-id.html,Sumber Rejo,590270
https://www.agoda.com/api/cronos/geo/NeighborHoods?pageTypeId=5&objectId=88776,2,/baru-ilir/maps/balikpapan-id.html,Baru Ilir,594554
https://www.agoda.com/api/cronos/geo/NeighborHoods?pageTypeId=5&objectId=88776,2,/sepinggan/maps/balikpapan-id.html,Sepinggan,594555
https://www.agoda.com/api/cronos/geo/NeighborHoods?pageTypeId=5&objectId=88776,2,/baru-ulu/maps/balikpapan-id.html,Baru Ulu,568662
https://www.agoda.com/api/cronos/geo/NeighborHoods?pageTypeId=5&objectId=88776,1,/marga-sari/maps/balikpapan-id.html,Marga Sari,590268
https://www.agoda.com/api/cronos/geo/NeighborHoods?pageTypeId=5&objectId=21506,94,/samarinda-city-center/maps/samarinda-id.html,Samarinda City Center,94550
https://www.agoda.com/api/cronos/geo/NeighborHoods?pageTypeId=5&objectId=21506,7,/tenggarong/maps/samarinda-id.html,Tenggarong,495750
https://www.agoda.com/api/cronos/geo/NeighborHoods?pageTypeId=5&objectId=734793,13,/tanjung-redeb/maps/tanjung-redeb-id.html,Tanjung Redeb,590281
https://www.agoda.com/api/cronos/geo/NeighborHoods?pageTypeId=5&objectId=705380,5,/bugis/maps/berau-id.html,Bugis,590279
https://www.agoda.com/api/cronos/geo/NeighborHoods?pageTypeId=5&objectId=161771,4,/bontang/maps/bontang-id.html,Bontang,158586
https://www.agoda.com/api/cronos/geo/NeighborHoods?pageTypeId=5&objectId=161771,2,/lok-tuan/maps/bontang-id.html,Lok Tuan,590282
https://www.agoda.com/api/cronos/geo/NeighborHoods?pageTypeId=5&objectId=161662,2,/mekar-jaya/maps/cimanggis-id.html,Mekar Jaya,590207
https://www.agoda.com/api/cronos/geo/NeighborHoods?pageTypeId=5&objectId=734785,3,/gunung-bahagia/maps/gunung-bahagia-id.html,Gunung Bahagia,590269
https://www.agoda.com/api/cronos/geo/NeighborHoods?pageTypeId=5&objectId=734789,3,/maratua-teluk-harapan/maps/maratua-teluk-harapan-id.html,Maratua Teluk Harapan,590276
https://www.agoda.com/api/cronos/geo/NeighborHoods?pageTypeId=5&objectId=734787,2,/maratua-bohesilian/maps/maratua-bohesilian-id.html,Maratua Bohesilian,590274
https://www.agoda.com/api/cronos/geo/NeighborHoods?pageTypeId=5&objectId=734788,3,/maratua-payung-payung/maps/maratua-payung-payung-id.html,Maratua Payung-payung,590275
https://www.agoda.com/api/cronos/geo/NeighborHoods?pageTypeId=5&objectId=734798,1,/singa-gembara/maps/singa-gembara-id.html,Singa Gembara,590287
https://www.agoda.com/api/cronos/geo/NeighborHoods?pageTypeId=5&objectId=734790,1,/pulau-derawan/maps/pulau-derawan-id.html,Pulau Derawan,590277
https://www.agoda.com/api/cronos/geo/NeighborHoods?pageTypeId=5&objectId=734794,1,/margomulyo/maps/margomulyo-id.html,Margomulyo,590283
https://www.agoda.com/api/cronos/geo/NeighborHoods?pageTypeId=5&objectId=19625,208,/city-center/maps/bandar-lampung-id.html,City Center,31403
https://www.agoda.com/api/cronos/geo/NeighborHoods?pageTypeId=5&objectId=19625,27,/way-kambas-national-park/maps/bandar-lampung-id.html,Way Kambas National Park,481880
https://www.agoda.com/api/cronos/geo/NeighborHoods?pageTypeId=5&objectId=19625,26,/taman-nasional-bukit-barisan-selatan/maps/bandar-lampung-id.html,Taman Nasional Bukit Barisan Selatan,502711
https://www.agoda.com/api/cronos/geo/NeighborHoods?pageTypeId=5&objectId=19625,16,/metro/maps/bandar-lampung-id.html,Metro,502712
https://www.agoda.com/api/cronos/geo/NeighborHoods?pageTypeId=5&objectId=19625,6,/kota-agung/maps/bandar-lampung-id.html,Kota Agung,502713
https://www.agoda.com/api/cronos/geo/NeighborHoods?pageTypeId=5&objectId=709819,12,/kalianda/maps/kalianda-id.html,Kalianda,511661
https://www.agoda.com/api/cronos/geo/NeighborHoods?pageTypeId=5&objectId=734807,1,/suak/maps/suak-id.html,Suak,590298
https://www.agoda.com/api/cronos/geo/NeighborHoods?pageTypeId=5&objectId=734858,3,/gaura/maps/gaura-id.html,Gaura,590488
https://www.agoda.com/api/cronos/geo/NeighborHoods?pageTypeId=5&objectId=734859,2,/patiala-bawa/maps/patiala-bawa-id.html,Patiala Bawa,590489
https://www.agoda.com/api/cronos/geo/NeighborHoods?pageTypeId=5&objectId=734850,3,/liang-ndara/maps/liang-ndara-id.html,Liang Ndara,590480
https://www.agoda.com/api/cronos/geo/NeighborHoods?pageTypeId=5&objectId=734862,3,/wula-waiijelu/maps/wula-waiijelu-id.html,Wula Waiijelu,590496
https://www.agoda.com/api/cronos/geo/NeighborHoods?pageTypeId=5&objectId=734857,2,/sedeoen/maps/sedeoen-id.html,Sedeoen,590487
https://www.agoda.com/api/cronos/geo/NeighborHoods?pageTypeId=5&objectId=734863,1,/taubneno/maps/taubneno-id.html,Taubneno,590497
https://www.agoda.com/api/cronos/geo/NeighborHoods?pageTypeId=5&objectId=734861,1,/kadumbul/maps/kadumbul-id.html,Kadumbul,590495
https://www.agoda.com/api/cronos/geo/NeighborHoods?pageTypeId=5&objectId=734851,1,/watu-nggene/maps/watu-nggene-id.html,Watu Nggene,590481
https://www.agoda.com/api/cronos/geo/NeighborHoods?pageTypeId=5&objectId=734864,1,/manamas/maps/manamas-id.html,Manamas,590498
https://www.agoda.com/api/cronos/geo/NeighborHoods?pageTypeId=5&objectId=734848,1,/sarotari/maps/sarotari-id.html,Sarotari,590476
https://www.agoda.com/api/cronos/geo/NeighborHoods?pageTypeId=5&objectId=734880,1,/kampoti/maps/kampoti-id.html,Kampoti,590369
https://www.agoda.com/api/cronos/geo/NeighborHoods?pageTypeId=5&objectId=719280,1,/buntu-tangti/maps/mengkendek-id.html,Buntu Tangti,567607
https://www.agoda.com/api/cronos/geo/NeighborHoods?pageTypeId=5&objectId=78901,160,/ilir-timur/maps/palembang-id.html,Ilir Timur,482409
https://www.agoda.com/api/cronos/geo/NeighborHoods?pageTypeId=5&objectId=78901,128,/ilir-barat/maps/palembang-id.html,Ilir Barat,482408
https://www.agoda.com/api/cronos/geo/NeighborHoods?pageTypeId=5&objectId=78901,17,/ulu-area/maps/palembang-id.html,Ulu Area,482407
https://www.agoda.com/api/cronos/geo/NeighborHoods?pageTypeId=5&objectId=78901,11,/sukarami/maps/palembang-id.html,Sukarami,481937
https://www.agoda.com/api/cronos/geo/NeighborHoods?pageTypeId=5&objectId=78901,2,/kertapati/maps/palembang-id.html,Kertapati,514669
https://www.agoda.com/api/cronos/geo/NeighborHoods?pageTypeId=5&objectId=78901,1,/palembang/maps/palembang-id.html,Palembang,93477
https://www.agoda.com/api/cronos/geo/NeighborHoods?pageTypeId=5&objectId=161850,14,/prabumulih/maps/prabumulih-id.html,Prabumulih,221219
https://www.agoda.com/api/cronos/geo/NeighborHoods?pageTypeId=5&objectId=292827,32,/lubuk-linggau/maps/lubuklinggau-id.html,Lubuk Linggau,244392
https://www.agoda.com/api/cronos/geo/NeighborHoods?pageTypeId=5&objectId=702156,9,/lahat/maps/lahat-id.html,Lahat,502672
https://www.agoda.com/api/cronos/geo/NeighborHoods?pageTypeId=5&objectId=728074,13,/pagar-alam/maps/pagar-alam-id.html,Pagar Alam,583551
https://www.agoda.com/api/cronos/geo/NeighborHoods?pageTypeId=5&objectId=513323,1,/tungkal/maps/muara-enim-id.html,Tungkal,596882
https://www.agoda.com/api/cronos/geo/NeighborHoods?pageTypeId=5&objectId=734924,2,/timbangan/maps/timbangan-id.html,Timbangan,590421
https://www.agoda.com/api/cronos/geo/NeighborHoods?pageTypeId=5&objectId=19806,92,/banda-aceh/maps/aceh-id.html,Banda Aceh,57556
https://www.agoda.com/api/cronos/geo/NeighborHoods?pageTypeId=5&objectId=19806,68,/sabang/maps/aceh-id.html,Sabang,94665
https://www.agoda.com/api/cronos/geo/NeighborHoods?pageTypeId=5&objectId=19806,11,/takengon/maps/aceh-id.html,Takengon,483954
https://www.agoda.com/api/cronos/geo/NeighborHoods?pageTypeId=5&objectId=669576,28,/bukit-lawang/maps/bukit-lawang-id.html,Bukit Lawang,495589
https://www.agoda.com/api/cronos/geo/NeighborHoods?pageTypeId=5&objectId=669576,21,/timbang-jaya/maps/bukit-lawang-id.html,Timbang Jaya,567603
https://www.agoda.com/api/cronos/geo/NeighborHoods?pageTypeId=5&objectId=669576,2,/hutan/maps/bukit-lawang-id.html,Hutan,590308
https://www.agoda.com/api/cronos/geo/NeighborHoods?pageTypeId=5&objectId=513388,11,/lhokseumawe/maps/lhokseumawe-id.html,Lhokseumawe,495580
https://www.agoda.com/api/cronos/geo/NeighborHoods?pageTypeId=5&objectId=734713,9,/pulau-baguk/maps/pulau-baguk-id.html,Pulau Baguk,590307
https://www.agoda.com/api/cronos/geo/NeighborHoods?pageTypeId=5&objectId=734713,1,/teluk-nibung/maps/pulau-baguk-id.html,Teluk Nibung,594565
https://www.agoda.com/api/cronos/geo/NeighborHoods?pageTypeId=5&objectId=734716,7,/busung-indah/maps/busung-indah-id.html,Busung Indah,590311
https://www.agoda.com/api/cronos/geo/NeighborHoods?pageTypeId=5&objectId=734719,5,/naibos/maps/naibos-id.html,Naibos,590314
https://www.agoda.com/api/cronos/geo/NeighborHoods?pageTypeId=5&objectId=734718,4,/matanurung/maps/matanurung-id.html,Matanurung,590313
https://www.agoda.com/api/cronos/geo/NeighborHoods?pageTypeId=5&objectId=709493,3,/singkil/maps/singkil-id.html,Singkil,511163
https://www.agoda.com/api/cronos/geo/NeighborHoods?pageTypeId=5&objectId=734720,2,/subulussalam/maps/subulussalam-id.html,Subulussalam,590315
https://www.agoda.com/api/cronos/geo/NeighborHoods?pageTypeId=5&objectId=735615,1,/pulo-sanggar/maps/kutacane-id.html,Pulo Sanggar,594551
https://www.agoda.com/api/cronos/geo/NeighborHoods?pageTypeId=5&objectId=734717,1,/kahat/maps/kahat-id.html,Kahat,590312
https://www.agoda.com/api/cronos/geo/NeighborHoods?pageTypeId=5&objectId=19391,145,/pekanbaru-city-center/maps/pekanbaru-id.html,Pekanbaru  City Center,484268
https://www.agoda.com/api/cronos/geo/NeighborHoods?pageTypeId=5&objectId=19391,43,/simpang-tiga/maps/pekanbaru-id.html,Simpang Tiga,484271
https://www.agoda.com/api/cronos/geo/NeighborHoods?pageTypeId=5&objectId=19391,26,/tampan/maps/pekanbaru-id.html,Tampan,484272
https://www.agoda.com/api/cronos/geo/NeighborHoods?pageTypeId=5&objectId=19391,19,/tuah-karya/maps/pekanbaru-id.html,Tuah Karya,567592
https://www.agoda.com/api/cronos/geo/NeighborHoods?pageTypeId=5&objectId=19391,8,/airport-area/maps/pekanbaru-id.html,Airport Area,484273
https://www.agoda.com/api/cronos/geo/NeighborHoods?pageTypeId=5&objectId=19391,4,/lima-puluh/maps/pekanbaru-id.html,Lima Puluh,484269
https://www.agoda.com/api/cronos/geo/NeighborHoods?pageTypeId=5&objectId=19391,1,/bukit-raya/maps/pekanbaru-id.html,Bukit Raya,484270
https://www.agoda.com/api/cronos/geo/NeighborHoods?pageTypeId=5&objectId=161798,15,/duri/maps/duri-id.html,Duri,108971
https://www.agoda.com/api/cronos/geo/NeighborHoods?pageTypeId=5&objectId=19624,86,/pontianak-city-center/maps/pontianak-id.html,Pontianak City Center,31402
https://www.agoda.com/api/cronos/geo/NeighborHoods?pageTypeId=5&objectId=19624,2,/airport-area/maps/pontianak-id.html,Airport Area,482412
https://www.agoda.com/api/cronos/geo/NeighborHoods?pageTypeId=5&objectId=102496,10,/delta-pawan/maps/ketapang-id.html,Delta Pawan,568665
https://www.agoda.com/api/cronos/geo/NeighborHoods?pageTypeId=5&objectId=292838,30,/singkawang/maps/singkawang-id.html,Singkawang,281030
https://www.agoda.com/api/cronos/geo/NeighborHoods?pageTypeId=5&objectId=102497,113,/banjarmasin-city-center/maps/banjarmasin-id.html,Banjarmasin City Center,482129
https://www.agoda.com/api/cronos/geo/NeighborHoods?pageTypeId=5&objectId=102497,21,/banjarmasin/maps/banjarmasin-id.html,Banjarmasin,80995
https://www.agoda.com/api/cronos/geo/NeighborHoods?pageTypeId=5&objectId=102497,4,/pelaihari/maps/banjarmasin-id.html,Pelaihari,493757
https://www.agoda.com/api/cronos/geo/NeighborHoods?pageTypeId=5&objectId=161765,23,/loktabat-utara/maps/banjarbaru-id.html,Loktabat Utara,590258
https://www.agoda.com/api/cronos/geo/NeighborHoods?pageTypeId=5&objectId=161765,21,/banjarbaru/maps/banjarbaru-id.html,Banjarbaru,108962
https://www.agoda.com/api/cronos/geo/NeighborHoods?pageTypeId=5&objectId=161765,8,/guntung-payung/maps/banjarbaru-id.html,Guntung Payung,567599
https://www.agoda.com/api/cronos/geo/NeighborHoods?pageTypeId=5&objectId=161765,4,/loktabat-selatan/maps/banjarbaru-id.html,Loktabat Selatan,567600
https://www.agoda.com/api/cronos/geo/NeighborHoods?pageTypeId=5&objectId=161765,2,/cindai-alus/maps/banjarbaru-id.html,Cindai Alus,590255
https://www.agoda.com/api/cronos/geo/NeighborHoods?pageTypeId=5&objectId=161765,1,/komet/maps/banjarbaru-id.html,Komet,567601
https://www.agoda.com/api/cronos/geo/NeighborHoods?pageTypeId=5&objectId=734776,2,/mabuun/maps/mabuun-id.html,Mabuun,590259
https://www.agoda.com/api/cronos/geo/NeighborHoods?pageTypeId=5&objectId=19925,27,/jambi-selatan/maps/jambi-id.html,Jambi Selatan,535136
https://www.agoda.com/api/cronos/geo/NeighborHoods?pageTypeId=5&objectId=19925,22,/pasar-jambi/maps/jambi-id.html,Pasar Jambi,535140
https://www.agoda.com/api/cronos/geo/NeighborHoods?pageTypeId=5&objectId=19925,19,/kota-baru/maps/jambi-id.html,Kota Baru,535139
https://www.agoda.com/api/cronos/geo/NeighborHoods?pageTypeId=5&objectId=19925,18,/telanaipura/maps/jambi-id.html,Telanaipura,535142
https://www.agoda.com/api/cronos/geo/NeighborHoods?pageTypeId=5&objectId=19925,9,/jelutung/maps/jambi-id.html,Jelutung,535138
https://www.agoda.com/api/cronos/geo/NeighborHoods?pageTypeId=5&objectId=19925,9,/muara-bungo/maps/jambi-id.html,Muara Bungo,502578
https://www.agoda.com/api/cronos/geo/NeighborHoods?pageTypeId=5&objectId=19925,7,/jambi-timur/maps/jambi-id.html,Jambi Timur,535137
https://www.agoda.com/api/cronos/geo/NeighborHoods?pageTypeId=5&objectId=19925,3,/jambi/maps/jambi-id.html,Jambi,495091
https://www.agoda.com/api/cronos/geo/NeighborHoods?pageTypeId=5&objectId=19925,2,/muara-bulian/maps/jambi-id.html,Muara Bulian,502579
https://www.agoda.com/api/cronos/geo/NeighborHoods?pageTypeId=5&objectId=734733,1,/lambur-i/maps/lambur-i-id.html,Lambur I,590330
https://www.agoda.com/api/cronos/geo/NeighborHoods?pageTypeId=5&objectId=734731,1,/tungkal-iii/maps/tungkal-iii-id.html,Tungkal Iii,590328
https://www.agoda.com/api/cronos/geo/NeighborHoods?pageTypeId=5&objectId=728078,12,/sungai-penuh/maps/sungai-penuh-id.html,Sungai Penuh,583555
https://www.agoda.com/api/cronos/geo/NeighborHoods?pageTypeId=5&objectId=106046,69,/tanjung-pandan/maps/belitung-id.html,Tanjung Pandan,502736
https://www.agoda.com/api/cronos/geo/NeighborHoods?pageTypeId=5&objectId=106046,19,/sijuk/maps/belitung-id.html,Sijuk,502735
https://www.agoda.com/api/cronos/geo/NeighborHoods?pageTypeId=5&objectId=106046,6,/manggar/maps/belitung-id.html,Manggar,502737
https://www.agoda.com/api/cronos/geo/NeighborHoods?pageTypeId=5&objectId=106046,4,/gantung/maps/belitung-id.html,Gantung,502738
https://www.agoda.com/api/cronos/geo/NeighborHoods?pageTypeId=5&objectId=106046,2,/padang-kandis/maps/belitung-id.html,Padang Kandis,567784
https://www.agoda.com/api/cronos/geo/NeighborHoods?pageTypeId=5&objectId=106038,48,/bangka-city-center/maps/bangka-id.html,Bangka City Center,481912
https://www.agoda.com/api/cronos/geo/NeighborHoods?pageTypeId=5&objectId=106038,1,/near-center/maps/bangka-id.html,Near Center,481898
https://www.agoda.com/api/cronos/geo/NeighborHoods?pageTypeId=5&objectId=734723,2,/mentok/maps/mentok-id.html,Mentok,590318
https://www.agoda.com/api/cronos/geo/NeighborHoods?pageTypeId=5&objectId=734726,3,/air-itam/maps/air-itam-id.html,Air Itam,590321
https://www.agoda.com/api/cronos/geo/NeighborHoods?pageTypeId=5&objectId=734722,2,/belolaut/maps/belolaut-id.html,Belolaut,590317
https://www.agoda.com/api/cronos/geo/NeighborHoods?pageTypeId=5&objectId=719282,1,/padang-kandis/maps/membalong-id.html,Padang Kandis,567609
https://www.agoda.com/api/cronos/geo/NeighborHoods?pageTypeId=5&objectId=512755,26,/waigeo/maps/raja-ampat-id.html,Waigeo,535095
https://www.agoda.com/api/cronos/geo/NeighborHoods?pageTypeId=5&objectId=512755,26,/gam/maps/raja-ampat-id.html,Gam,535096
https://www.agoda.com/api/cronos/geo/NeighborHoods?pageTypeId=5&objectId=512755,11,/pulau-mansuar/maps/raja-ampat-id.html,Pulau Mansuar,535098
https://www.agoda.com/api/cronos/geo/NeighborHoods?pageTypeId=5&objectId=512755,8,/kri/maps/raja-ampat-id.html,Kri,535099
https://www.agoda.com/api/cronos/geo/NeighborHoods?pageTypeId=5&objectId=512755,2,/yef-mo/maps/raja-ampat-id.html,Yef Mo,594561
https://www.agoda.com/api/cronos/geo/NeighborHoods?pageTypeId=5&objectId=512755,2,/batanta/maps/raja-ampat-id.html,Batanta,597406
https://www.agoda.com/api/cronos/geo/NeighborHoods?pageTypeId=5&objectId=390120,13,/west-sorong/maps/sorong-id.html,West Sorong,535488
https://www.agoda.com/api/cronos/geo/NeighborHoods?pageTypeId=5&objectId=390120,8,/north-sorong/maps/sorong-id.html,North Sorong,535490
https://www.agoda.com/api/cronos/geo/NeighborHoods?pageTypeId=5&objectId=390120,7,/sorong-manoi/maps/sorong-id.html,Sorong Manoi,535491
https://www.agoda.com/api/cronos/geo/NeighborHoods?pageTypeId=5&objectId=390120,1,/mariat/maps/sorong-id.html,Mariat,597407
https://www.agoda.com/api/cronos/geo/NeighborHoods?pageTypeId=5&objectId=734942,4,/manyainfuin/maps/manyainfuin-id.html,Manyainfuin,590500
https://www.agoda.com/api/cronos/geo/NeighborHoods?pageTypeId=5&objectId=105948,38,/jayapura/maps/irian-jaya-papua-id.html,Jayapura,94049
https://www.agoda.com/api/cronos/geo/NeighborHoods?pageTypeId=5&objectId=105948,7,/manokwari/maps/irian-jaya-papua-id.html,Manokwari,94047
https://www.agoda.com/api/cronos/geo/NeighborHoods?pageTypeId=5&objectId=105948,6,/biak/maps/irian-jaya-papua-id.html,Biak,94046
https://www.agoda.com/api/cronos/geo/NeighborHoods?pageTypeId=5&objectId=19404,5,/wamena-kota/maps/wamena-id.html,Wamena Kota,566896
https://www.agoda.com/api/cronos/geo/NeighborHoods?pageTypeId=5&objectId=19404,1,/wesaput/maps/wamena-id.html,Wesaput,568672
https://www.agoda.com/api/cronos/geo/NeighborHoods?pageTypeId=5&objectId=669640,12,/sungai-liat/maps/sungai-liat-id.html,Sungai Liat,495592
https://www.agoda.com/api/cronos/geo/NeighborHoods?pageTypeId=5&objectId=669640,5,/sinar-baru/maps/sungai-liat-id.html,Sinar Baru,567604
https://www.agoda.com/api/cronos/geo/NeighborHoods?pageTypeId=5&objectId=390164,5,/merauke/maps/merauke-id.html,Merauke,378485
https://www.agoda.com/api/cronos/geo/NeighborHoods?pageTypeId=5&objectId=101019,41,/ambon-city-center/maps/ambon-id.html,Ambon City Center,79559
https://www.agoda.com/api/cronos/geo/NeighborHoods?pageTypeId=5&objectId=101019,10,/harbor/maps/ambon-id.html,Harbor,482278
https://www.agoda.com/api/cronos/geo/NeighborHoods?pageTypeId=5&objectId=101019,4,/waiyame/maps/ambon-id.html,Waiyame,568671
https://www.agoda.com/api/cronos/geo/NeighborHoods?pageTypeId=5&objectId=725381,2,/kel-ohoijang-watdek/maps/langgur-id.html,Kel. Ohoijang Watdek,590305
https://www.agoda.com/api/cronos/geo/NeighborHoods?pageTypeId=5&objectId=725381,1,/langgur/maps/langgur-id.html,Langgur,580418
https://www.agoda.com/api/cronos/geo/NeighborHoods?pageTypeId=5&objectId=719583,2,/suli/maps/salahutu-id.html,Suli,568669
https://www.agoda.com/api/cronos/geo/NeighborHoods?pageTypeId=5&objectId=734813,2,/saleman/maps/saleman-id.html,Saleman,590304
https://www.agoda.com/api/cronos/geo/NeighborHoods?pageTypeId=5&objectId=106013,22,/mandonga/maps/kendari-id.html,Mandonga,535100
https://www.agoda.com/api/cronos/geo/NeighborHoods?pageTypeId=5&objectId=106013,11,/kendari-barat/maps/kendari-id.html,Kendari Barat,535108
https://www.agoda.com/api/cronos/geo/NeighborHoods?pageTypeId=5&objectId=106013,8,/kadia/maps/kendari-id.html,Kadia,535103
https://www.agoda.com/api/cronos/geo/NeighborHoods?pageTypeId=5&objectId=106013,7,/baruga/maps/kendari-id.html,Baruga,535101
https://www.agoda.com/api/cronos/geo/NeighborHoods?pageTypeId=5&objectId=106013,2,/poasia/maps/kendari-id.html,Poasia,535105
https://www.agoda.com/api/cronos/geo/NeighborHoods?pageTypeId=5&objectId=106013,2,/kambu/maps/kendari-id.html,Kambu,535107
https://www.agoda.com/api/cronos/geo/NeighborHoods?pageTypeId=5&objectId=106013,1,/wua-wua/maps/kendari-id.html,Wua Wua,535104
https://www.agoda.com/api/cronos/geo/NeighborHoods?pageTypeId=5&objectId=161623,18,/ratu-agung/maps/bengkulu-id.html,Ratu Agung,535168
https://www.agoda.com/api/cronos/geo/NeighborHoods?pageTypeId=5&objectId=161623,13,/ratu-samban/maps/bengkulu-id.html,Ratu Samban,535169
https://www.agoda.com/api/cronos/geo/NeighborHoods?pageTypeId=5&objectId=161623,13,/teluk-segara/maps/bengkulu-id.html,Teluk Segara,535172
https://www.agoda.com/api/cronos/geo/NeighborHoods?pageTypeId=5&objectId=161623,8,/gading-cempaka/maps/bengkulu-id.html,Gading Cempaka,535165
https://www.agoda.com/api/cronos/geo/NeighborHoods?pageTypeId=5&objectId=161623,6,/selebar/maps/bengkulu-id.html,Selebar,535170
https://www.agoda.com/api/cronos/geo/NeighborHoods?pageTypeId=5&objectId=161623,4,/muara-bangkahulu/maps/bengkulu-id.html,Muara Bangkahulu,535167
https://www.agoda.com/api/cronos/geo/NeighborHoods?pageTypeId=5&objectId=161623,3,/sungai-serut/maps/bengkulu-id.html,Sungai Serut,535171
https://www.agoda.com/api/cronos/geo/NeighborHoods?pageTypeId=5&objectId=720546,3,/kaledupa/maps/wakatobi-id.html,Kaledupa,571806
https://www.agoda.com/api/cronos/geo/NeighborHoods?pageTypeId=5&objectId=720546,2,/langge/maps/wakatobi-id.html,Langge,590387
https://www.agoda.com/api/cronos/geo/NeighborHoods?pageTypeId=5&objectId=734896,2,/waha/maps/waha-id.html,Waha,590389
https://www.agoda.com/api/cronos/geo/NeighborHoods?pageTypeId=5&objectId=734904,1,/liya-mawi/maps/liya-mawi-id.html,Liya Mawi,590397
https://www.agoda.com/api/cronos/geo/NeighborHoods?pageTypeId=5&objectId=735618,1,/patuno/maps/wangiwangi-island-id.html,Patuno,594558
https://www.agoda.com/api/cronos/geo/NeighborHoods?pageTypeId=5&objectId=734898,1,/patipelong/maps/patipelong-id.html,Patipelong,590391
https://www.agoda.com/api/cronos/geo/NeighborHoods?pageTypeId=5&objectId=734901,1,/wanci/maps/wanci-id.html,Wanci,590394
https://www.agoda.com/api/cronos/geo/NeighborHoods?pageTypeId=5&objectId=734902,1,/wandoka/maps/wandoka-id.html,Wandoka,590395
https://www.agoda.com/api/cronos/geo/NeighborHoods?pageTypeId=5&objectId=106023,52,/jekan-raya/maps/palangkaraya-id.html,Jekan Raya,535110
https://www.agoda.com/api/cronos/geo/NeighborHoods?pageTypeId=5&objectId=106023,21,/pahandut/maps/palangkaraya-id.html,Pahandut,535109
https://www.agoda.com/api/cronos/geo/NeighborHoods?pageTypeId=5&objectId=106023,2,/sei-gohong/maps/palangkaraya-id.html,Sei Gohong,567597
https://www.agoda.com/api/cronos/geo/NeighborHoods?pageTypeId=5&objectId=710778,16,/pangkalanbuun/maps/pangkalanbuun-id.html,Pangkalanbuun,512655
https://www.agoda.com/api/cronos/geo/NeighborHoods?pageTypeId=5&objectId=161769,2,/sampit/maps/sampit-id.html,Sampit,158584
https://www.agoda.com/api/cronos/geo/NeighborHoods?pageTypeId=5&objectId=161769,1,/mentawa-baru-hulu/maps/sampit-id.html,Mentawa Baru Hulu,594553
https://www.agoda.com/api/cronos/geo/NeighborHoods?pageTypeId=5&objectId=734782,2,/kumai-hulu/maps/kumai-hulu-id.html,Kumai Hulu,590265
https://www.agoda.com/api/cronos/geo/NeighborHoods?pageTypeId=5&objectId=734783,2,/sungai-sekonyer/maps/sungai-sekonyer-id.html,Sungai Sekonyer,590266
https://www.agoda.com/api/cronos/geo/NeighborHoods?pageTypeId=5&objectId=734780,1,/sei-pinang/maps/sei-pinang-id.html,Sei Pinang,590263
https://www.agoda.com/api/cronos/geo/NeighborHoods?pageTypeId=5&objectId=105977,80,/palu/maps/palu-id.html,Palu,94190
https://www.agoda.com/api/cronos/geo/NeighborHoods?pageTypeId=5&objectId=711860,3,/lembanya/maps/pulau-una-una-id.html,Lembanya,590384
https://www.agoda.com/api/cronos/geo/NeighborHoods?pageTypeId=5&objectId=734893,2,/tanjung-pude/maps/tanjung-pude-id.html,Tanjung Pude,590385
https://www.agoda.com/api/cronos/geo/NeighborHoods?pageTypeId=5&objectId=390132,13,/kota-selatan/maps/gorontalo-id.html,Kota Selatan,535617
https://www.agoda.com/api/cronos/geo/NeighborHoods?pageTypeId=5&objectId=390132,13,/kota-timur/maps/gorontalo-id.html,Kota Timur,535621
https://www.agoda.com/api/cronos/geo/NeighborHoods?pageTypeId=5&objectId=390132,6,/kota-tengah/maps/gorontalo-id.html,Kota Tengah,535618
https://www.agoda.com/api/cronos/geo/NeighborHoods?pageTypeId=5&objectId=390132,4,/dungingi/maps/gorontalo-id.html,Dungingi,535619
https://www.agoda.com/api/cronos/geo/NeighborHoods?pageTypeId=5&objectId=390132,1,/sipatana/maps/gorontalo-id.html,Sipatana,535620
https://www.agoda.com/api/cronos/geo/NeighborHoods?pageTypeId=5&objectId=102498,15,/west-tarakan/maps/tarakan-id.html,West Tarakan,535486
https://www.agoda.com/api/cronos/geo/NeighborHoods?pageTypeId=5&objectId=102498,8,/central-tarakan/maps/tarakan-id.html,Central Tarakan,535485
https://www.agoda.com/api/cronos/geo/NeighborHoods?pageTypeId=5&objectId=102498,2,/east-tarakan/maps/tarakan-id.html,East Tarakan,535484
https://www.agoda.com/api/cronos/geo/NeighborHoods?pageTypeId=5&objectId=734819,1,/lifao/maps/lifao-id.html,Lifao,590351
https://www.agoda.com/api/cronos/geo/NeighborHoods?pageTypeId=5&objectId=734820,1,/kastela/maps/kastela-id.html,Kastela,590352
https://www.agoda.com/api/cronos/geo/NeighborHoods?pageTypeId=5&objectId=734818,1,/juanga/maps/juanga-id.html,Juanga,590350
https://www.agoda.com/api/cronos/geo/NeighborHoods?pageTypeId=5&objectId=734817,1,/meti/maps/meti-id.html,Meti,590349
https://www.agoda.com/api/cronos/geo/NeighborHoods?pageTypeId=5&objectId=720560,1,/dondo/maps/ampana-id.html,Dondo,590383
https://www.agoda.com/api/cronos/geo/NeighborHoods?pageTypeId=5&objectId=512743,1,/pamona/maps/tentena-id.html,Pamona,590382
https://www.agoda.com/api/cronos/geo/NeighborHoods?pageTypeId=5&objectId=734815,1,/sali-kecil/maps/sali-kecil-id.html,Sali Kecil,590347
